,overall_run_index,simulation_run_index,provider_index,utility
0,0,0,0,0.8178496623047369
1,0,1,0,-0.11233161702364186
2,0,2,0,0.8178496623047369
3,0,3,0,-0.11233161702364186
4,0,4,0,0.8178496623047369
5,0,5,0,0.8178496623047369
6,0,6,0,0.8178496623047369
7,0,7,0,-0.11233161702364186
8,0,8,0,0.8178496623047369
9,0,9,0,0.8178496623047369
10,0,10,0,-0.11233161702364186
11,0,11,0,-0.11233161702364186
12,0,12,0,0.8178496623047369
13,0,13,0,0.8178496623047369
14,0,14,0,-0.11233161702364186
15,0,15,0,0.8178496623047369
16,0,16,0,0.8178496623047369
17,0,17,0,0.8178496623047369
18,0,18,0,0.8178496623047369
19,0,19,0,0.8178496623047369
20,0,20,0,0.8178496623047369
21,0,21,0,0.8178496623047369
22,0,22,0,0.8178496623047369
23,0,23,0,0.8178496623047369
24,0,24,0,0.8178496623047369
25,0,25,0,0.8178496623047369
26,0,26,0,0.8178496623047369
27,0,27,0,0.8178496623047369
28,0,28,0,0.8178496623047369
29,0,29,0,0.8178496623047369
30,0,30,0,0.8178496623047369
31,0,31,0,-0.11233161702364186
32,0,32,0,0.8178496623047369
33,0,33,0,-0.11233161702364186
34,0,34,0,0.8178496623047369
35,0,35,0,0.8178496623047369
36,0,36,0,0.8178496623047369
37,0,37,0,0.8178496623047369
38,0,38,0,0.8178496623047369
39,0,39,0,0.8178496623047369
40,0,40,0,-0.11233161702364186
41,0,41,0,-0.11233161702364186
42,0,42,0,0.8178496623047369
43,0,43,0,-0.11233161702364186
44,0,44,0,0.8178496623047369
45,0,45,0,0.8178496623047369
46,0,46,0,0.8178496623047369
47,0,47,0,0.8178496623047369
48,0,48,0,0.8178496623047369
49,0,49,0,0.8178496623047369
50,0,0,1,0.623621925798563
51,0,1,1,-0.2319461677899878
52,0,2,1,0.623621925798563
53,0,3,1,0.623621925798563
54,0,4,1,0.623621925798563
55,0,5,1,0.623621925798563
56,0,6,1,0.623621925798563
57,0,7,1,0.623621925798563
58,0,8,1,0.623621925798563
59,0,9,1,0.623621925798563
60,0,10,1,0.623621925798563
61,0,11,1,0.623621925798563
62,0,12,1,0.623621925798563
63,0,13,1,0.623621925798563
64,0,14,1,0.623621925798563
65,0,15,1,-0.2319461677899878
66,0,16,1,0.623621925798563
67,0,17,1,0.623621925798563
68,0,18,1,-0.2319461677899878
69,0,19,1,0.623621925798563
70,0,20,1,0.623621925798563
71,0,21,1,0.623621925798563
72,0,22,1,0.623621925798563
73,0,23,1,0.623621925798563
74,0,24,1,0.623621925798563
75,0,25,1,0.623621925798563
76,0,26,1,-0.2319461677899878
77,0,27,1,-0.2319461677899878
78,0,28,1,0.623621925798563
79,0,29,1,0.623621925798563
80,0,30,1,0.623621925798563
81,0,31,1,0.623621925798563
82,0,32,1,0.623621925798563
83,0,33,1,0.623621925798563
84,0,34,1,0.623621925798563
85,0,35,1,0.623621925798563
86,0,36,1,0.623621925798563
87,0,37,1,0.623621925798563
88,0,38,1,0.623621925798563
89,0,39,1,0.623621925798563
90,0,40,1,0.623621925798563
91,0,41,1,0.623621925798563
92,0,42,1,0.623621925798563
93,0,43,1,0.623621925798563
94,0,44,1,0.623621925798563
95,0,45,1,0.623621925798563
96,0,46,1,0.623621925798563
97,0,47,1,-0.2319461677899878
98,0,48,1,0.623621925798563
99,0,49,1,0.623621925798563
100,0,0,2,0.6964869970734583
101,0,1,2,0.6964869970734583
102,0,2,2,0.6964869970734583
103,0,3,2,0.6964869970734583
104,0,4,2,-0.13673312671676272
105,0,5,2,-0.13673312671676272
106,0,6,2,-0.13673312671676272
107,0,7,2,0.6964869970734583
108,0,8,2,0.6964869970734583
109,0,9,2,0.6964869970734583
110,0,10,2,0.6964869970734583
111,0,11,2,0.6964869970734583
112,0,12,2,0.6964869970734583
113,0,13,2,0.6964869970734583
114,0,14,2,0.6964869970734583
115,0,15,2,-0.13673312671676272
116,0,16,2,0.6964869970734583
117,0,17,2,0.6964869970734583
118,0,18,2,0.6964869970734583
119,0,19,2,0.6964869970734583
120,0,20,2,0.6964869970734583
121,0,21,2,0.6964869970734583
122,0,22,2,0.6964869970734583
123,0,23,2,0.6964869970734583
124,0,24,2,0.6964869970734583
125,0,25,2,0.6964869970734583
126,0,26,2,-0.13673312671676272
127,0,27,2,0.6964869970734583
128,0,28,2,0.6964869970734583
129,0,29,2,0.6964869970734583
130,0,30,2,0.6964869970734583
131,0,31,2,0.6964869970734583
132,0,32,2,-0.13673312671676272
133,0,33,2,0.6964869970734583
134,0,34,2,-0.13673312671676272
135,0,35,2,0.6964869970734583
136,0,36,2,-0.13673312671676272
137,0,37,2,0.6964869970734583
138,0,38,2,0.6964869970734583
139,0,39,2,-0.13673312671676272
140,0,40,2,0.6964869970734583
141,0,41,2,0.6964869970734583
142,0,42,2,0.6964869970734583
143,0,43,2,0.6964869970734583
144,0,44,2,0.6964869970734583
145,0,45,2,-0.13673312671676272
146,0,46,2,0.6964869970734583
147,0,47,2,-0.13673312671676272
148,0,48,2,0.6964869970734583
149,0,49,2,0.6964869970734583
150,0,0,3,0.7646874727004032
151,0,1,3,0.7646874727004032
152,0,2,3,0.7646874727004032
153,0,3,3,-0.158898938966678
154,0,4,3,0.7646874727004032
155,0,5,3,-0.158898938966678
156,0,6,3,0.7646874727004032
157,0,7,3,0.7646874727004032
158,0,8,3,0.7646874727004032
159,0,9,3,0.7646874727004032
160,0,10,3,0.7646874727004032
161,0,11,3,0.7646874727004032
162,0,12,3,0.7646874727004032
163,0,13,3,0.7646874727004032
164,0,14,3,-0.158898938966678
165,0,15,3,0.7646874727004032
166,0,16,3,-0.158898938966678
167,0,17,3,-0.158898938966678
168,0,18,3,0.7646874727004032
169,0,19,3,0.7646874727004032
170,0,20,3,0.7646874727004032
171,0,21,3,0.7646874727004032
172,0,22,3,0.7646874727004032
173,0,23,3,0.7646874727004032
174,0,24,3,0.7646874727004032
175,0,25,3,0.7646874727004032
176,0,26,3,-0.158898938966678
177,0,27,3,0.7646874727004032
178,0,28,3,0.7646874727004032
179,0,29,3,0.7646874727004032
180,0,30,3,0.7646874727004032
181,0,31,3,-0.158898938966678
182,0,32,3,0.7646874727004032
183,0,33,3,-0.158898938966678
184,0,34,3,0.7646874727004032
185,0,35,3,0.7646874727004032
186,0,36,3,-0.158898938966678
187,0,37,3,0.7646874727004032
188,0,38,3,0.7646874727004032
189,0,39,3,0.7646874727004032
190,0,40,3,-0.158898938966678
191,0,41,3,0.7646874727004032
192,0,42,3,0.7646874727004032
193,0,43,3,-0.158898938966678
194,0,44,3,0.7646874727004032
195,0,45,3,0.7646874727004032
196,0,46,3,0.7646874727004032
197,0,47,3,0.7646874727004032
198,0,48,3,0.7646874727004032
199,0,49,3,-0.158898938966678
200,0,0,4,0.8026148755369228
201,0,1,4,0.8026148755369228
202,0,2,4,-0.10421816223669599
203,0,3,4,-0.10421816223669599
204,0,4,4,0.8026148755369228
205,0,5,4,0.8026148755369228
206,0,6,4,-0.10421816223669599
207,0,7,4,0.8026148755369228
208,0,8,4,0.8026148755369228
209,0,9,4,0.8026148755369228
210,0,10,4,0.8026148755369228
211,0,11,4,0.8026148755369228
212,0,12,4,-0.10421816223669599
213,0,13,4,0.8026148755369228
214,0,14,4,0.8026148755369228
215,0,15,4,0.8026148755369228
216,0,16,4,0.8026148755369228
217,0,17,4,0.8026148755369228
218,0,18,4,0.8026148755369228
219,0,19,4,0.8026148755369228
220,0,20,4,-0.10421816223669599
221,0,21,4,-0.10421816223669599
222,0,22,4,-0.10421816223669599
223,0,23,4,0.8026148755369228
224,0,24,4,0.8026148755369228
225,0,25,4,0.8026148755369228
226,0,26,4,-0.10421816223669599
227,0,27,4,0.8026148755369228
228,0,28,4,0.8026148755369228
229,0,29,4,0.8026148755369228
230,0,30,4,-0.10421816223669599
231,0,31,4,0.8026148755369228
232,0,32,4,0.8026148755369228
233,0,33,4,0.8026148755369228
234,0,34,4,0.8026148755369228
235,0,35,4,-0.10421816223669599
236,0,36,4,0.8026148755369228
237,0,37,4,0.8026148755369228
238,0,38,4,0.8026148755369228
239,0,39,4,-0.10421816223669599
240,0,40,4,0.8026148755369228
241,0,41,4,0.8026148755369228
242,0,42,4,-0.10421816223669599
243,0,43,4,-0.10421816223669599
244,0,44,4,-0.10421816223669599
245,0,45,4,0.8026148755369228
246,0,46,4,-0.10421816223669599
247,0,47,4,0.8026148755369228
248,0,48,4,-0.10421816223669599
249,0,49,4,-0.10421816223669599
250,0,0,5,-0.1580819222962217
251,0,1,5,-0.1580819222962217
252,0,2,5,0.6416221837840526
253,0,3,5,0.6416221837840526
254,0,4,5,0.6416221837840526
255,0,5,5,0.6416221837840526
256,0,6,5,-0.1580819222962217
257,0,7,5,-0.1580819222962217
258,0,8,5,0.6416221837840526
259,0,9,5,0.6416221837840526
260,0,10,5,0.6416221837840526
261,0,11,5,0.6416221837840526
262,0,12,5,0.6416221837840526
263,0,13,5,-0.1580819222962217
264,0,14,5,-0.1580819222962217
265,0,15,5,0.6416221837840526
266,0,16,5,0.6416221837840526
267,0,17,5,-0.1580819222962217
268,0,18,5,0.6416221837840526
269,0,19,5,-0.1580819222962217
270,0,20,5,0.6416221837840526
271,0,21,5,-0.1580819222962217
272,0,22,5,0.6416221837840526
273,0,23,5,0.6416221837840526
274,0,24,5,-0.1580819222962217
275,0,25,5,0.6416221837840526
276,0,26,5,0.6416221837840526
277,0,27,5,0.6416221837840526
278,0,28,5,0.6416221837840526
279,0,29,5,-0.1580819222962217
280,0,30,5,-0.1580819222962217
281,0,31,5,0.6416221837840526
282,0,32,5,0.6416221837840526
283,0,33,5,-0.1580819222962217
284,0,34,5,-0.1580819222962217
285,0,35,5,0.6416221837840526
286,0,36,5,0.6416221837840526
287,0,37,5,0.6416221837840526
288,0,38,5,0.6416221837840526
289,0,39,5,0.6416221837840526
290,0,40,5,0.6416221837840526
291,0,41,5,-0.1580819222962217
292,0,42,5,0.6416221837840526
293,0,43,5,0.6416221837840526
294,0,44,5,-0.1580819222962217
295,0,45,5,0.6416221837840526
296,0,46,5,-0.1580819222962217
297,0,47,5,-0.1580819222962217
298,0,48,5,-0.1580819222962217
299,0,49,5,-0.1580819222962217
300,0,0,6,0.7807367905106417
301,0,1,6,0.7807367905106417
302,0,2,6,0.7807367905106417
303,0,3,6,0.7807367905106417
304,0,4,6,-0.14381084948153794
305,0,5,6,0.7807367905106417
306,0,6,6,-0.14381084948153794
307,0,7,6,0.7807367905106417
308,0,8,6,-0.14381084948153794
309,0,9,6,0.7807367905106417
310,0,10,6,0.7807367905106417
311,0,11,6,-0.14381084948153794
312,0,12,6,0.7807367905106417
313,0,13,6,-0.14381084948153794
314,0,14,6,0.7807367905106417
315,0,15,6,0.7807367905106417
316,0,16,6,-0.14381084948153794
317,0,17,6,0.7807367905106417
318,0,18,6,0.7807367905106417
319,0,19,6,-0.14381084948153794
320,0,20,6,0.7807367905106417
321,0,21,6,0.7807367905106417
322,0,22,6,-0.14381084948153794
323,0,23,6,0.7807367905106417
324,0,24,6,0.7807367905106417
325,0,25,6,0.7807367905106417
326,0,26,6,0.7807367905106417
327,0,27,6,0.7807367905106417
328,0,28,6,-0.14381084948153794
329,0,29,6,0.7807367905106417
330,0,30,6,0.7807367905106417
331,0,31,6,0.7807367905106417
332,0,32,6,0.7807367905106417
333,0,33,6,0.7807367905106417
334,0,34,6,0.7807367905106417
335,0,35,6,0.7807367905106417
336,0,36,6,0.7807367905106417
337,0,37,6,0.7807367905106417
338,0,38,6,0.7807367905106417
339,0,39,6,0.7807367905106417
340,0,40,6,0.7807367905106417
341,0,41,6,0.7807367905106417
342,0,42,6,0.7807367905106417
343,0,43,6,-0.14381084948153794
344,0,44,6,0.7807367905106417
345,0,45,6,0.7807367905106417
346,0,46,6,0.7807367905106417
347,0,47,6,0.7807367905106417
348,0,48,6,0.7807367905106417
349,0,49,6,-0.14381084948153794
350,0,0,7,-0.2028221955551288
351,0,1,7,0.7341636338676802
352,0,2,7,0.7341636338676802
353,0,3,7,-0.2028221955551288
354,0,4,7,0.7341636338676802
355,0,5,7,0.7341636338676802
356,0,6,7,0.7341636338676802
357,0,7,7,0.7341636338676802
358,0,8,7,0.7341636338676802
359,0,9,7,0.7341636338676802
360,0,10,7,0.7341636338676802
361,0,11,7,0.7341636338676802
362,0,12,7,0.7341636338676802
363,0,13,7,-0.2028221955551288
364,0,14,7,0.7341636338676802
365,0,15,7,-0.2028221955551288
366,0,16,7,0.7341636338676802
367,0,17,7,0.7341636338676802
368,0,18,7,-0.2028221955551288
369,0,19,7,0.7341636338676802
370,0,20,7,0.7341636338676802
371,0,21,7,-0.2028221955551288
372,0,22,7,-0.2028221955551288
373,0,23,7,0.7341636338676802
374,0,24,7,0.7341636338676802
375,0,25,7,-0.2028221955551288
376,0,26,7,-0.2028221955551288
377,0,27,7,-0.2028221955551288
378,0,28,7,-0.2028221955551288
379,0,29,7,0.7341636338676802
380,0,30,7,0.7341636338676802
381,0,31,7,0.7341636338676802
382,0,32,7,0.7341636338676802
383,0,33,7,-0.2028221955551288
384,0,34,7,-0.2028221955551288
385,0,35,7,-0.2028221955551288
386,0,36,7,0.7341636338676802
387,0,37,7,-0.2028221955551288
388,0,38,7,0.7341636338676802
389,0,39,7,0.7341636338676802
390,0,40,7,0.7341636338676802
391,0,41,7,0.7341636338676802
392,0,42,7,0.7341636338676802
393,0,43,7,0.7341636338676802
394,0,44,7,-0.2028221955551288
395,0,45,7,-0.2028221955551288
396,0,46,7,0.7341636338676802
397,0,47,7,-0.2028221955551288
398,0,48,7,0.7341636338676802
399,0,49,7,0.7341636338676802
400,0,0,8,0.6883257900915811
401,0,1,8,0.6883257900915811
402,0,2,8,0.6883257900915811
403,0,3,8,0.6883257900915811
404,0,4,8,-0.29171075548745606
405,0,5,8,0.6883257900915811
406,0,6,8,0.6883257900915811
407,0,7,8,0.6883257900915811
408,0,8,8,0.6883257900915811
409,0,9,8,0.6883257900915811
410,0,10,8,0.6883257900915811
411,0,11,8,0.6883257900915811
412,0,12,8,-0.29171075548745606
413,0,13,8,0.6883257900915811
414,0,14,8,0.6883257900915811
415,0,15,8,-0.29171075548745606
416,0,16,8,0.6883257900915811
417,0,17,8,-0.29171075548745606
418,0,18,8,0.6883257900915811
419,0,19,8,-0.29171075548745606
420,0,20,8,0.6883257900915811
421,0,21,8,0.6883257900915811
422,0,22,8,0.6883257900915811
423,0,23,8,0.6883257900915811
424,0,24,8,0.6883257900915811
425,0,25,8,0.6883257900915811
426,0,26,8,0.6883257900915811
427,0,27,8,0.6883257900915811
428,0,28,8,0.6883257900915811
429,0,29,8,-0.29171075548745606
430,0,30,8,0.6883257900915811
431,0,31,8,0.6883257900915811
432,0,32,8,0.6883257900915811
433,0,33,8,0.6883257900915811
434,0,34,8,0.6883257900915811
435,0,35,8,0.6883257900915811
436,0,36,8,0.6883257900915811
437,0,37,8,0.6883257900915811
438,0,38,8,-0.29171075548745606
439,0,39,8,0.6883257900915811
440,0,40,8,0.6883257900915811
441,0,41,8,0.6883257900915811
442,0,42,8,0.6883257900915811
443,0,43,8,0.6883257900915811
444,0,44,8,0.6883257900915811
445,0,45,8,0.6883257900915811
446,0,46,8,-0.29171075548745606
447,0,47,8,0.6883257900915811
448,0,48,8,0.6883257900915811
449,0,49,8,-0.29171075548745606
450,0,0,9,0.5929097426640337
451,0,1,9,-0.21827656808591467
452,0,2,9,0.5929097426640337
453,0,3,9,-0.21827656808591467
454,0,4,9,0.5929097426640337
455,0,5,9,-0.21827656808591467
456,0,6,9,0.5929097426640337
457,0,7,9,0.5929097426640337
458,0,8,9,0.5929097426640337
459,0,9,9,-0.21827656808591467
460,0,10,9,0.5929097426640337
461,0,11,9,0.5929097426640337
462,0,12,9,0.5929097426640337
463,0,13,9,0.5929097426640337
464,0,14,9,0.5929097426640337
465,0,15,9,0.5929097426640337
466,0,16,9,-0.21827656808591467
467,0,17,9,0.5929097426640337
468,0,18,9,0.5929097426640337
469,0,19,9,0.5929097426640337
470,0,20,9,0.5929097426640337
471,0,21,9,-0.21827656808591467
472,0,22,9,0.5929097426640337
473,0,23,9,-0.21827656808591467
474,0,24,9,0.5929097426640337
475,0,25,9,0.5929097426640337
476,0,26,9,0.5929097426640337
477,0,27,9,0.5929097426640337
478,0,28,9,0.5929097426640337
479,0,29,9,-0.21827656808591467
480,0,30,9,0.5929097426640337
481,0,31,9,-0.21827656808591467
482,0,32,9,0.5929097426640337
483,0,33,9,0.5929097426640337
484,0,34,9,0.5929097426640337
485,0,35,9,0.5929097426640337
486,0,36,9,0.5929097426640337
487,0,37,9,0.5929097426640337
488,0,38,9,-0.21827656808591467
489,0,39,9,0.5929097426640337
490,0,40,9,-0.21827656808591467
491,0,41,9,0.5929097426640337
492,0,42,9,0.5929097426640337
493,0,43,9,0.5929097426640337
494,0,44,9,0.5929097426640337
495,0,45,9,0.5929097426640337
496,0,46,9,-0.21827656808591467
497,0,47,9,0.5929097426640337
498,0,48,9,0.5929097426640337
499,0,49,9,0.5929097426640337
500,0,0,10,0.6108377096461151
501,0,1,10,0.6108377096461151
502,0,2,10,0.6108377096461151
503,0,3,10,0.6108377096461151
504,0,4,10,-0.16146946524583972
505,0,5,10,0.6108377096461151
506,0,6,10,-0.16146946524583972
507,0,7,10,-0.16146946524583972
508,0,8,10,0.6108377096461151
509,0,9,10,-0.16146946524583972
510,0,10,10,-0.16146946524583972
511,0,11,10,0.6108377096461151
512,0,12,10,-0.16146946524583972
513,0,13,10,0.6108377096461151
514,0,14,10,0.6108377096461151
515,0,15,10,0.6108377096461151
516,0,16,10,-0.16146946524583972
517,0,17,10,0.6108377096461151
518,0,18,10,0.6108377096461151
519,0,19,10,-0.16146946524583972
520,0,20,10,0.6108377096461151
521,0,21,10,-0.16146946524583972
522,0,22,10,0.6108377096461151
523,0,23,10,-0.16146946524583972
524,0,24,10,0.6108377096461151
525,0,25,10,0.6108377096461151
526,0,26,10,0.6108377096461151
527,0,27,10,0.6108377096461151
528,0,28,10,0.6108377096461151
529,0,29,10,-0.16146946524583972
530,0,30,10,-0.16146946524583972
531,0,31,10,0.6108377096461151
532,0,32,10,0.6108377096461151
533,0,33,10,0.6108377096461151
534,0,34,10,0.6108377096461151
535,0,35,10,-0.16146946524583972
536,0,36,10,-0.16146946524583972
537,0,37,10,0.6108377096461151
538,0,38,10,0.6108377096461151
539,0,39,10,0.6108377096461151
540,0,40,10,-0.16146946524583972
541,0,41,10,0.6108377096461151
542,0,42,10,0.6108377096461151
543,0,43,10,0.6108377096461151
544,0,44,10,0.6108377096461151
545,0,45,10,0.6108377096461151
546,0,46,10,-0.16146946524583972
547,0,47,10,0.6108377096461151
548,0,48,10,0.6108377096461151
549,0,49,10,-0.16146946524583972
550,0,0,11,-0.10510465913751475
551,0,1,11,0.8340721553172289
552,0,2,11,-0.10510465913751475
553,0,3,11,-0.10510465913751475
554,0,4,11,0.8340721553172289
555,0,5,11,0.8340721553172289
556,0,6,11,-0.10510465913751475
557,0,7,11,-0.10510465913751475
558,0,8,11,-0.10510465913751475
559,0,9,11,0.8340721553172289
560,0,10,11,-0.10510465913751475
561,0,11,11,0.8340721553172289
562,0,12,11,-0.10510465913751475
563,0,13,11,-0.10510465913751475
564,0,14,11,-0.10510465913751475
565,0,15,11,-0.10510465913751475
566,0,16,11,-0.10510465913751475
567,0,17,11,0.8340721553172289
568,0,18,11,0.8340721553172289
569,0,19,11,-0.10510465913751475
570,0,20,11,0.8340721553172289
571,0,21,11,-0.10510465913751475
572,0,22,11,0.8340721553172289
573,0,23,11,0.8340721553172289
574,0,24,11,0.8340721553172289
575,0,25,11,-0.10510465913751475
576,0,26,11,-0.10510465913751475
577,0,27,11,0.8340721553172289
578,0,28,11,-0.10510465913751475
579,0,29,11,0.8340721553172289
580,0,30,11,-0.10510465913751475
581,0,31,11,0.8340721553172289
582,0,32,11,-0.10510465913751475
583,0,33,11,-0.10510465913751475
584,0,34,11,-0.10510465913751475
585,0,35,11,-0.10510465913751475
586,0,36,11,0.8340721553172289
587,0,37,11,0.8340721553172289
588,0,38,11,-0.10510465913751475
589,0,39,11,0.8340721553172289
590,0,40,11,0.8340721553172289
591,0,41,11,-0.10510465913751475
592,0,42,11,0.8340721553172289
593,0,43,11,0.8340721553172289
594,0,44,11,-0.10510465913751475
595,0,45,11,0.8340721553172289
596,0,46,11,0.8340721553172289
597,0,47,11,-0.10510465913751475
598,0,48,11,0.8340721553172289
599,0,49,11,0.8340721553172289
600,0,0,12,0.6602186368730238
601,0,1,12,0.6602186368730238
602,0,2,12,-0.2001797357328614
603,0,3,12,-0.2001797357328614
604,0,4,12,0.6602186368730238
605,0,5,12,0.6602186368730238
606,0,6,12,-0.2001797357328614
607,0,7,12,0.6602186368730238
608,0,8,12,0.6602186368730238
609,0,9,12,0.6602186368730238
610,0,10,12,0.6602186368730238
611,0,11,12,0.6602186368730238
612,0,12,12,0.6602186368730238
613,0,13,12,0.6602186368730238
614,0,14,12,0.6602186368730238
615,0,15,12,0.6602186368730238
616,0,16,12,0.6602186368730238
617,0,17,12,0.6602186368730238
618,0,18,12,-0.2001797357328614
619,0,19,12,-0.2001797357328614
620,0,20,12,0.6602186368730238
621,0,21,12,-0.2001797357328614
622,0,22,12,0.6602186368730238
623,0,23,12,0.6602186368730238
624,0,24,12,-0.2001797357328614
625,0,25,12,0.6602186368730238
626,0,26,12,0.6602186368730238
627,0,27,12,0.6602186368730238
628,0,28,12,0.6602186368730238
629,0,29,12,-0.2001797357328614
630,0,30,12,0.6602186368730238
631,0,31,12,-0.2001797357328614
632,0,32,12,-0.2001797357328614
633,0,33,12,0.6602186368730238
634,0,34,12,-0.2001797357328614
635,0,35,12,0.6602186368730238
636,0,36,12,0.6602186368730238
637,0,37,12,0.6602186368730238
638,0,38,12,0.6602186368730238
639,0,39,12,-0.2001797357328614
640,0,40,12,0.6602186368730238
641,0,41,12,0.6602186368730238
642,0,42,12,0.6602186368730238
643,0,43,12,0.6602186368730238
644,0,44,12,-0.2001797357328614
645,0,45,12,-0.2001797357328614
646,0,46,12,-0.2001797357328614
647,0,47,12,0.6602186368730238
648,0,48,12,0.6602186368730238
649,0,49,12,0.6602186368730238
650,0,0,13,0.6279682631008441
651,0,1,13,0.6279682631008441
652,0,2,13,-0.25134420816399283
653,0,3,13,0.6279682631008441
654,0,4,13,0.6279682631008441
655,0,5,13,0.6279682631008441
656,0,6,13,0.6279682631008441
657,0,7,13,0.6279682631008441
658,0,8,13,0.6279682631008441
659,0,9,13,-0.25134420816399283
660,0,10,13,0.6279682631008441
661,0,11,13,0.6279682631008441
662,0,12,13,0.6279682631008441
663,0,13,13,-0.25134420816399283
664,0,14,13,0.6279682631008441
665,0,15,13,-0.25134420816399283
666,0,16,13,0.6279682631008441
667,0,17,13,0.6279682631008441
668,0,18,13,0.6279682631008441
669,0,19,13,-0.25134420816399283
670,0,20,13,0.6279682631008441
671,0,21,13,-0.25134420816399283
672,0,22,13,-0.25134420816399283
673,0,23,13,0.6279682631008441
674,0,24,13,0.6279682631008441
675,0,25,13,0.6279682631008441
676,0,26,13,-0.25134420816399283
677,0,27,13,0.6279682631008441
678,0,28,13,-0.25134420816399283
679,0,29,13,-0.25134420816399283
680,0,30,13,-0.25134420816399283
681,0,31,13,0.6279682631008441
682,0,32,13,-0.25134420816399283
683,0,33,13,-0.25134420816399283
684,0,34,13,0.6279682631008441
685,0,35,13,0.6279682631008441
686,0,36,13,-0.25134420816399283
687,0,37,13,-0.25134420816399283
688,0,38,13,0.6279682631008441
689,0,39,13,-0.25134420816399283
690,0,40,13,0.6279682631008441
691,0,41,13,-0.25134420816399283
692,0,42,13,-0.25134420816399283
693,0,43,13,0.6279682631008441
694,0,44,13,0.6279682631008441
695,0,45,13,0.6279682631008441
696,0,46,13,-0.25134420816399283
697,0,47,13,-0.25134420816399283
698,0,48,13,-0.25134420816399283
699,0,49,13,0.6279682631008441
700,0,0,14,-0.21123449203044964
701,0,1,14,-0.21123449203044964
702,0,2,14,0.5975643344218968
703,0,3,14,-0.21123449203044964
704,0,4,14,-0.21123449203044964
705,0,5,14,-0.21123449203044964
706,0,6,14,-0.21123449203044964
707,0,7,14,-0.21123449203044964
708,0,8,14,-0.21123449203044964
709,0,9,14,0.5975643344218968
710,0,10,14,0.5975643344218968
711,0,11,14,-0.21123449203044964
712,0,12,14,-0.21123449203044964
713,0,13,14,0.5975643344218968
714,0,14,14,0.5975643344218968
715,0,15,14,0.5975643344218968
716,0,16,14,-0.21123449203044964
717,0,17,14,0.5975643344218968
718,0,18,14,-0.21123449203044964
719,0,19,14,0.5975643344218968
720,0,20,14,-0.21123449203044964
721,0,21,14,-0.21123449203044964
722,0,22,14,0.5975643344218968
723,0,23,14,0.5975643344218968
724,0,24,14,0.5975643344218968
725,0,25,14,-0.21123449203044964
726,0,26,14,0.5975643344218968
727,0,27,14,0.5975643344218968
728,0,28,14,0.5975643344218968
729,0,29,14,0.5975643344218968
730,0,30,14,0.5975643344218968
731,0,31,14,0.5975643344218968
732,0,32,14,0.5975643344218968
733,0,33,14,0.5975643344218968
734,0,34,14,0.5975643344218968
735,0,35,14,0.5975643344218968
736,0,36,14,-0.21123449203044964
737,0,37,14,0.5975643344218968
738,0,38,14,-0.21123449203044964
739,0,39,14,0.5975643344218968
740,0,40,14,0.5975643344218968
741,0,41,14,-0.21123449203044964
742,0,42,14,-0.21123449203044964
743,0,43,14,-0.21123449203044964
744,0,44,14,-0.21123449203044964
745,0,45,14,-0.21123449203044964
746,0,46,14,-0.21123449203044964
747,0,47,14,0.5975643344218968
748,0,48,14,-0.21123449203044964
749,0,49,14,0.5975643344218968
750,0,0,15,0.6029209048091406
751,0,1,15,-0.21572814384048228
752,0,2,15,-0.21572814384048228
753,0,3,15,-0.21572814384048228
754,0,4,15,-0.21572814384048228
755,0,5,15,-0.21572814384048228
756,0,6,15,0.6029209048091406
757,0,7,15,0.6029209048091406
758,0,8,15,-0.21572814384048228
759,0,9,15,-0.21572814384048228
760,0,10,15,0.6029209048091406
761,0,11,15,-0.21572814384048228
762,0,12,15,0.6029209048091406
763,0,13,15,0.6029209048091406
764,0,14,15,0.6029209048091406
765,0,15,15,0.6029209048091406
766,0,16,15,-0.21572814384048228
767,0,17,15,-0.21572814384048228
768,0,18,15,-0.21572814384048228
769,0,19,15,0.6029209048091406
770,0,20,15,0.6029209048091406
771,0,21,15,0.6029209048091406
772,0,22,15,-0.21572814384048228
773,0,23,15,0.6029209048091406
774,0,24,15,0.6029209048091406
775,0,25,15,-0.21572814384048228
776,0,26,15,0.6029209048091406
777,0,27,15,0.6029209048091406
778,0,28,15,-0.21572814384048228
779,0,29,15,0.6029209048091406
780,0,30,15,-0.21572814384048228
781,0,31,15,0.6029209048091406
782,0,32,15,0.6029209048091406
783,0,33,15,-0.21572814384048228
784,0,34,15,-0.21572814384048228
785,0,35,15,0.6029209048091406
786,0,36,15,-0.21572814384048228
787,0,37,15,-0.21572814384048228
788,0,38,15,0.6029209048091406
789,0,39,15,-0.21572814384048228
790,0,40,15,0.6029209048091406
791,0,41,15,-0.21572814384048228
792,0,42,15,0.6029209048091406
793,0,43,15,-0.21572814384048228
794,0,44,15,0.6029209048091406
795,0,45,15,0.6029209048091406
796,0,46,15,-0.21572814384048228
797,0,47,15,0.6029209048091406
798,0,48,15,-0.21572814384048228
799,0,49,15,-0.21572814384048228
800,0,0,16,0.6580294161875871
801,0,1,16,0.6580294161875871
802,0,2,16,0.6580294161875871
803,0,3,16,0.6580294161875871
804,0,4,16,0.6580294161875871
805,0,5,16,0.6580294161875871
806,0,6,16,0.6580294161875871
807,0,7,16,-0.22012164588933192
808,0,8,16,0.6580294161875871
809,0,9,16,-0.22012164588933192
810,0,10,16,-0.22012164588933192
811,0,11,16,0.6580294161875871
812,0,12,16,0.6580294161875871
813,0,13,16,0.6580294161875871
814,0,14,16,-0.22012164588933192
815,0,15,16,0.6580294161875871
816,0,16,16,-0.22012164588933192
817,0,17,16,0.6580294161875871
818,0,18,16,0.6580294161875871
819,0,19,16,-0.22012164588933192
820,0,20,16,0.6580294161875871
821,0,21,16,0.6580294161875871
822,0,22,16,0.6580294161875871
823,0,23,16,0.6580294161875871
824,0,24,16,0.6580294161875871
825,0,25,16,-0.22012164588933192
826,0,26,16,0.6580294161875871
827,0,27,16,0.6580294161875871
828,0,28,16,0.6580294161875871
829,0,29,16,0.6580294161875871
830,0,30,16,-0.22012164588933192
831,0,31,16,-0.22012164588933192
832,0,32,16,0.6580294161875871
833,0,33,16,-0.22012164588933192
834,0,34,16,0.6580294161875871
835,0,35,16,0.6580294161875871
836,0,36,16,-0.22012164588933192
837,0,37,16,0.6580294161875871
838,0,38,16,-0.22012164588933192
839,0,39,16,-0.22012164588933192
840,0,40,16,0.6580294161875871
841,0,41,16,0.6580294161875871
842,0,42,16,-0.22012164588933192
843,0,43,16,-0.22012164588933192
844,0,44,16,0.6580294161875871
845,0,45,16,0.6580294161875871
846,0,46,16,0.6580294161875871
847,0,47,16,-0.22012164588933192
848,0,48,16,0.6580294161875871
849,0,49,16,0.6580294161875871
850,0,0,17,0.5182535140537454
851,0,1,17,0.5182535140537454
852,0,2,17,0.5182535140537454
853,0,3,17,0.5182535140537454
854,0,4,17,0.5182535140537454
855,0,5,17,0.5182535140537454
856,0,6,17,-0.2564342704197451
857,0,7,17,-0.2564342704197451
858,0,8,17,-0.2564342704197451
859,0,9,17,0.5182535140537454
860,0,10,17,0.5182535140537454
861,0,11,17,0.5182535140537454
862,0,12,17,0.5182535140537454
863,0,13,17,0.5182535140537454
864,0,14,17,0.5182535140537454
865,0,15,17,0.5182535140537454
866,0,16,17,0.5182535140537454
867,0,17,17,-0.2564342704197451
868,0,18,17,0.5182535140537454
869,0,19,17,-0.2564342704197451
870,0,20,17,-0.2564342704197451
871,0,21,17,-0.2564342704197451
872,0,22,17,0.5182535140537454
873,0,23,17,0.5182535140537454
874,0,24,17,0.5182535140537454
875,0,25,17,0.5182535140537454
876,0,26,17,0.5182535140537454
877,0,27,17,0.5182535140537454
878,0,28,17,0.5182535140537454
879,0,29,17,0.5182535140537454
880,0,30,17,0.5182535140537454
881,0,31,17,-0.2564342704197451
882,0,32,17,-0.2564342704197451
883,0,33,17,-0.2564342704197451
884,0,34,17,0.5182535140537454
885,0,35,17,0.5182535140537454
886,0,36,17,0.5182535140537454
887,0,37,17,0.5182535140537454
888,0,38,17,0.5182535140537454
889,0,39,17,-0.2564342704197451
890,0,40,17,-0.2564342704197451
891,0,41,17,0.5182535140537454
892,0,42,17,0.5182535140537454
893,0,43,17,-0.2564342704197451
894,0,44,17,0.5182535140537454
895,0,45,17,0.5182535140537454
896,0,46,17,0.5182535140537454
897,0,47,17,-0.2564342704197451
898,0,48,17,0.5182535140537454
899,0,49,17,0.5182535140537454
900,0,0,18,-0.2912090694378717
901,0,1,18,0.48491872842432926
902,0,2,18,0.48491872842432926
903,0,3,18,-0.2912090694378717
904,0,4,18,-0.2912090694378717
905,0,5,18,0.48491872842432926
906,0,6,18,-0.2912090694378717
907,0,7,18,0.48491872842432926
908,0,8,18,0.48491872842432926
909,0,9,18,0.48491872842432926
910,0,10,18,0.48491872842432926
911,0,11,18,-0.2912090694378717
912,0,12,18,-0.2912090694378717
913,0,13,18,0.48491872842432926
914,0,14,18,0.48491872842432926
915,0,15,18,0.48491872842432926
916,0,16,18,-0.2912090694378717
917,0,17,18,0.48491872842432926
918,0,18,18,0.48491872842432926
919,0,19,18,-0.2912090694378717
920,0,20,18,0.48491872842432926
921,0,21,18,0.48491872842432926
922,0,22,18,0.48491872842432926
923,0,23,18,-0.2912090694378717
924,0,24,18,-0.2912090694378717
925,0,25,18,0.48491872842432926
926,0,26,18,0.48491872842432926
927,0,27,18,0.48491872842432926
928,0,28,18,0.48491872842432926
929,0,29,18,0.48491872842432926
930,0,30,18,-0.2912090694378717
931,0,31,18,0.48491872842432926
932,0,32,18,0.48491872842432926
933,0,33,18,0.48491872842432926
934,0,34,18,-0.2912090694378717
935,0,35,18,-0.2912090694378717
936,0,36,18,-0.2912090694378717
937,0,37,18,-0.2912090694378717
938,0,38,18,0.48491872842432926
939,0,39,18,0.48491872842432926
940,0,40,18,0.48491872842432926
941,0,41,18,0.48491872842432926
942,0,42,18,0.48491872842432926
943,0,43,18,-0.2912090694378717
944,0,44,18,0.48491872842432926
945,0,45,18,0.48491872842432926
946,0,46,18,0.48491872842432926
947,0,47,18,0.48491872842432926
948,0,48,18,0.48491872842432926
949,0,49,18,-0.2912090694378717
950,0,0,19,0.7408378524759651
951,0,1,19,-0.20485323686779805
952,0,2,19,-0.20485323686779805
953,0,3,19,-0.20485323686779805
954,0,4,19,-0.20485323686779805
955,0,5,19,0.7408378524759651
956,0,6,19,0.7408378524759651
957,0,7,19,0.7408378524759651
958,0,8,19,-0.20485323686779805
959,0,9,19,-0.20485323686779805
960,0,10,19,-0.20485323686779805
961,0,11,19,-0.20485323686779805
962,0,12,19,0.7408378524759651
963,0,13,19,-0.20485323686779805
964,0,14,19,0.7408378524759651
965,0,15,19,-0.20485323686779805
966,0,16,19,-0.20485323686779805
967,0,17,19,-0.20485323686779805
968,0,18,19,0.7408378524759651
969,0,19,19,-0.20485323686779805
970,0,20,19,0.7408378524759651
971,0,21,19,-0.20485323686779805
972,0,22,19,0.7408378524759651
973,0,23,19,-0.20485323686779805
974,0,24,19,-0.20485323686779805
975,0,25,19,-0.20485323686779805
976,0,26,19,0.7408378524759651
977,0,27,19,0.7408378524759651
978,0,28,19,-0.20485323686779805
979,0,29,19,0.7408378524759651
980,0,30,19,0.7408378524759651
981,0,31,19,0.7408378524759651
982,0,32,19,-0.20485323686779805
983,0,33,19,0.7408378524759651
984,0,34,19,0.7408378524759651
985,0,35,19,0.7408378524759651
986,0,36,19,-0.20485323686779805
987,0,37,19,0.7408378524759651
988,0,38,19,-0.20485323686779805
989,0,39,19,0.7408378524759651
990,0,40,19,-0.20485323686779805
991,0,41,19,0.7408378524759651
992,0,42,19,0.7408378524759651
993,0,43,19,0.7408378524759651
994,0,44,19,0.7408378524759651
995,0,45,19,-0.20485323686779805
996,0,46,19,0.7408378524759651
997,0,47,19,0.7408378524759651
998,0,48,19,-0.20485323686779805
999,0,49,19,-0.20485323686779805
1000,0,0,20,0.7720836987135505
1001,0,1,20,0.7720836987135505
1002,0,2,20,-0.12300032575722197
1003,0,3,20,0.7720836987135505
1004,0,4,20,-0.12300032575722197
1005,0,5,20,0.7720836987135505
1006,0,6,20,-0.12300032575722197
1007,0,7,20,0.7720836987135505
1008,0,8,20,0.7720836987135505
1009,0,9,20,0.7720836987135505
1010,0,10,20,0.7720836987135505
1011,0,11,20,0.7720836987135505
1012,0,12,20,0.7720836987135505
1013,0,13,20,0.7720836987135505
1014,0,14,20,0.7720836987135505
1015,0,15,20,0.7720836987135505
1016,0,16,20,-0.12300032575722197
1017,0,17,20,0.7720836987135505
1018,0,18,20,-0.12300032575722197
1019,0,19,20,0.7720836987135505
1020,0,20,20,0.7720836987135505
1021,0,21,20,0.7720836987135505
1022,0,22,20,0.7720836987135505
1023,0,23,20,0.7720836987135505
1024,0,24,20,0.7720836987135505
1025,0,25,20,0.7720836987135505
1026,0,26,20,-0.12300032575722197
1027,0,27,20,0.7720836987135505
1028,0,28,20,0.7720836987135505
1029,0,29,20,0.7720836987135505
1030,0,30,20,0.7720836987135505
1031,0,31,20,0.7720836987135505
1032,0,32,20,0.7720836987135505
1033,0,33,20,0.7720836987135505
1034,0,34,20,0.7720836987135505
1035,0,35,20,0.7720836987135505
1036,0,36,20,-0.12300032575722197
1037,0,37,20,0.7720836987135505
1038,0,38,20,-0.12300032575722197
1039,0,39,20,0.7720836987135505
1040,0,40,20,0.7720836987135505
1041,0,41,20,0.7720836987135505
1042,0,42,20,0.7720836987135505
1043,0,43,20,0.7720836987135505
1044,0,44,20,0.7720836987135505
1045,0,45,20,0.7720836987135505
1046,0,46,20,0.7720836987135505
1047,0,47,20,0.7720836987135505
1048,0,48,20,0.7720836987135505
1049,0,49,20,-0.12300032575722197
1050,0,0,21,0.6913065342032909
1051,0,1,21,-0.1627539457927377
1052,0,2,21,-0.1627539457927377
1053,0,3,21,-0.1627539457927377
1054,0,4,21,0.6913065342032909
1055,0,5,21,0.6913065342032909
1056,0,6,21,0.6913065342032909
1057,0,7,21,0.6913065342032909
1058,0,8,21,0.6913065342032909
1059,0,9,21,-0.1627539457927377
1060,0,10,21,0.6913065342032909
1061,0,11,21,-0.1627539457927377
1062,0,12,21,0.6913065342032909
1063,0,13,21,0.6913065342032909
1064,0,14,21,0.6913065342032909
1065,0,15,21,0.6913065342032909
1066,0,16,21,0.6913065342032909
1067,0,17,21,0.6913065342032909
1068,0,18,21,0.6913065342032909
1069,0,19,21,-0.1627539457927377
1070,0,20,21,0.6913065342032909
1071,0,21,21,0.6913065342032909
1072,0,22,21,0.6913065342032909
1073,0,23,21,0.6913065342032909
1074,0,24,21,0.6913065342032909
1075,0,25,21,0.6913065342032909
1076,0,26,21,0.6913065342032909
1077,0,27,21,0.6913065342032909
1078,0,28,21,0.6913065342032909
1079,0,29,21,0.6913065342032909
1080,0,30,21,-0.1627539457927377
1081,0,31,21,0.6913065342032909
1082,0,32,21,-0.1627539457927377
1083,0,33,21,0.6913065342032909
1084,0,34,21,0.6913065342032909
1085,0,35,21,0.6913065342032909
1086,0,36,21,0.6913065342032909
1087,0,37,21,-0.1627539457927377
1088,0,38,21,-0.1627539457927377
1089,0,39,21,0.6913065342032909
1090,0,40,21,0.6913065342032909
1091,0,41,21,0.6913065342032909
1092,0,42,21,0.6913065342032909
1093,0,43,21,0.6913065342032909
1094,0,44,21,0.6913065342032909
1095,0,45,21,0.6913065342032909
1096,0,46,21,0.6913065342032909
1097,0,47,21,0.6913065342032909
1098,0,48,21,0.6913065342032909
1099,0,49,21,-0.1627539457927377
1100,0,0,22,-0.2535750080663066
1101,0,1,22,-0.2535750080663066
1102,0,2,22,0.5833591701348518
1103,0,3,22,0.5833591701348518
1104,0,4,22,0.5833591701348518
1105,0,5,22,-0.2535750080663066
1106,0,6,22,0.5833591701348518
1107,0,7,22,-0.2535750080663066
1108,0,8,22,0.5833591701348518
1109,0,9,22,0.5833591701348518
1110,0,10,22,0.5833591701348518
1111,0,11,22,0.5833591701348518
1112,0,12,22,-0.2535750080663066
1113,0,13,22,0.5833591701348518
1114,0,14,22,-0.2535750080663066
1115,0,15,22,-0.2535750080663066
1116,0,16,22,0.5833591701348518
1117,0,17,22,0.5833591701348518
1118,0,18,22,0.5833591701348518
1119,0,19,22,-0.2535750080663066
1120,0,20,22,-0.2535750080663066
1121,0,21,22,0.5833591701348518
1122,0,22,22,-0.2535750080663066
1123,0,23,22,-0.2535750080663066
1124,0,24,22,-0.2535750080663066
1125,0,25,22,0.5833591701348518
1126,0,26,22,0.5833591701348518
1127,0,27,22,-0.2535750080663066
1128,0,28,22,0.5833591701348518
1129,0,29,22,0.5833591701348518
1130,0,30,22,-0.2535750080663066
1131,0,31,22,0.5833591701348518
1132,0,32,22,-0.2535750080663066
1133,0,33,22,-0.2535750080663066
1134,0,34,22,0.5833591701348518
1135,0,35,22,-0.2535750080663066
1136,0,36,22,0.5833591701348518
1137,0,37,22,-0.2535750080663066
1138,0,38,22,-0.2535750080663066
1139,0,39,22,-0.2535750080663066
1140,0,40,22,0.5833591701348518
1141,0,41,22,0.5833591701348518
1142,0,42,22,0.5833591701348518
1143,0,43,22,0.5833591701348518
1144,0,44,22,0.5833591701348518
1145,0,45,22,0.5833591701348518
1146,0,46,22,0.5833591701348518
1147,0,47,22,-0.2535750080663066
1148,0,48,22,0.5833591701348518
1149,0,49,22,-0.2535750080663066
1150,0,0,23,0.6540469412556892
1151,0,1,23,0.6540469412556892
1152,0,2,23,-0.2635425791492717
1153,0,3,23,0.6540469412556892
1154,0,4,23,0.6540469412556892
1155,0,5,23,0.6540469412556892
1156,0,6,23,-0.2635425791492717
1157,0,7,23,0.6540469412556892
1158,0,8,23,0.6540469412556892
1159,0,9,23,0.6540469412556892
1160,0,10,23,-0.2635425791492717
1161,0,11,23,0.6540469412556892
1162,0,12,23,0.6540469412556892
1163,0,13,23,0.6540469412556892
1164,0,14,23,-0.2635425791492717
1165,0,15,23,0.6540469412556892
1166,0,16,23,0.6540469412556892
1167,0,17,23,0.6540469412556892
1168,0,18,23,-0.2635425791492717
1169,0,19,23,0.6540469412556892
1170,0,20,23,0.6540469412556892
1171,0,21,23,0.6540469412556892
1172,0,22,23,-0.2635425791492717
1173,0,23,23,0.6540469412556892
1174,0,24,23,0.6540469412556892
1175,0,25,23,-0.2635425791492717
1176,0,26,23,-0.2635425791492717
1177,0,27,23,0.6540469412556892
1178,0,28,23,-0.2635425791492717
1179,0,29,23,0.6540469412556892
1180,0,30,23,-0.2635425791492717
1181,0,31,23,0.6540469412556892
1182,0,32,23,-0.2635425791492717
1183,0,33,23,-0.2635425791492717
1184,0,34,23,0.6540469412556892
1185,0,35,23,0.6540469412556892
1186,0,36,23,0.6540469412556892
1187,0,37,23,0.6540469412556892
1188,0,38,23,0.6540469412556892
1189,0,39,23,0.6540469412556892
1190,0,40,23,0.6540469412556892
1191,0,41,23,0.6540469412556892
1192,0,42,23,0.6540469412556892
1193,0,43,23,-0.2635425791492717
1194,0,44,23,-0.2635425791492717
1195,0,45,23,-0.2635425791492717
1196,0,46,23,-0.2635425791492717
1197,0,47,23,0.6540469412556892
1198,0,48,23,0.6540469412556892
1199,0,49,23,0.6540469412556892
1200,0,0,24,-0.26757239724051013
1201,0,1,24,0.5593454042041046
1202,0,2,24,0.5593454042041046
1203,0,3,24,0.5593454042041046
1204,0,4,24,0.5593454042041046
1205,0,5,24,0.5593454042041046
1206,0,6,24,0.5593454042041046
1207,0,7,24,0.5593454042041046
1208,0,8,24,0.5593454042041046
1209,0,9,24,-0.26757239724051013
1210,0,10,24,0.5593454042041046
1211,0,11,24,0.5593454042041046
1212,0,12,24,0.5593454042041046
1213,0,13,24,0.5593454042041046
1214,0,14,24,0.5593454042041046
1215,0,15,24,0.5593454042041046
1216,0,16,24,-0.26757239724051013
1217,0,17,24,0.5593454042041046
1218,0,18,24,0.5593454042041046
1219,0,19,24,0.5593454042041046
1220,0,20,24,-0.26757239724051013
1221,0,21,24,0.5593454042041046
1222,0,22,24,0.5593454042041046
1223,0,23,24,0.5593454042041046
1224,0,24,24,0.5593454042041046
1225,0,25,24,0.5593454042041046
1226,0,26,24,-0.26757239724051013
1227,0,27,24,0.5593454042041046
1228,0,28,24,0.5593454042041046
1229,0,29,24,0.5593454042041046
1230,0,30,24,0.5593454042041046
1231,0,31,24,0.5593454042041046
1232,0,32,24,0.5593454042041046
1233,0,33,24,0.5593454042041046
1234,0,34,24,0.5593454042041046
1235,0,35,24,0.5593454042041046
1236,0,36,24,-0.26757239724051013
1237,0,37,24,-0.26757239724051013
1238,0,38,24,0.5593454042041046
1239,0,39,24,-0.26757239724051013
1240,0,40,24,0.5593454042041046
1241,0,41,24,0.5593454042041046
1242,0,42,24,-0.26757239724051013
1243,0,43,24,0.5593454042041046
1244,0,44,24,-0.26757239724051013
1245,0,45,24,0.5593454042041046
1246,0,46,24,0.5593454042041046
1247,0,47,24,0.5593454042041046
1248,0,48,24,0.5593454042041046
1249,0,49,24,0.5593454042041046
1250,0,0,25,0.7573003331674313
1251,0,1,25,0.7573003331674313
1252,0,2,25,0.7573003331674313
1253,0,3,25,0.7573003331674313
1254,0,4,25,0.7573003331674313
1255,0,5,25,0.7573003331674313
1256,0,6,25,0.7573003331674313
1257,0,7,25,-0.16600226596292017
1258,0,8,25,0.7573003331674313
1259,0,9,25,0.7573003331674313
1260,0,10,25,0.7573003331674313
1261,0,11,25,0.7573003331674313
1262,0,12,25,0.7573003331674313
1263,0,13,25,0.7573003331674313
1264,0,14,25,0.7573003331674313
1265,0,15,25,0.7573003331674313
1266,0,16,25,0.7573003331674313
1267,0,17,25,0.7573003331674313
1268,0,18,25,0.7573003331674313
1269,0,19,25,-0.16600226596292017
1270,0,20,25,0.7573003331674313
1271,0,21,25,-0.16600226596292017
1272,0,22,25,-0.16600226596292017
1273,0,23,25,-0.16600226596292017
1274,0,24,25,0.7573003331674313
1275,0,25,25,-0.16600226596292017
1276,0,26,25,0.7573003331674313
1277,0,27,25,-0.16600226596292017
1278,0,28,25,-0.16600226596292017
1279,0,29,25,0.7573003331674313
1280,0,30,25,0.7573003331674313
1281,0,31,25,0.7573003331674313
1282,0,32,25,-0.16600226596292017
1283,0,33,25,0.7573003331674313
1284,0,34,25,0.7573003331674313
1285,0,35,25,0.7573003331674313
1286,0,36,25,-0.16600226596292017
1287,0,37,25,0.7573003331674313
1288,0,38,25,-0.16600226596292017
1289,0,39,25,0.7573003331674313
1290,0,40,25,-0.16600226596292017
1291,0,41,25,0.7573003331674313
1292,0,42,25,-0.16600226596292017
1293,0,43,25,-0.16600226596292017
1294,0,44,25,0.7573003331674313
1295,0,45,25,0.7573003331674313
1296,0,46,25,0.7573003331674313
1297,0,47,25,0.7573003331674313
1298,0,48,25,0.7573003331674313
1299,0,49,25,0.7573003331674313
1300,0,0,26,0.5624763284830044
1301,0,1,26,0.5624763284830044
1302,0,2,26,0.5624763284830044
1303,0,3,26,0.5624763284830044
1304,0,4,26,-0.28255592304498045
1305,0,5,26,-0.28255592304498045
1306,0,6,26,0.5624763284830044
1307,0,7,26,-0.28255592304498045
1308,0,8,26,0.5624763284830044
1309,0,9,26,0.5624763284830044
1310,0,10,26,0.5624763284830044
1311,0,11,26,0.5624763284830044
1312,0,12,26,-0.28255592304498045
1313,0,13,26,0.5624763284830044
1314,0,14,26,0.5624763284830044
1315,0,15,26,0.5624763284830044
1316,0,16,26,0.5624763284830044
1317,0,17,26,0.5624763284830044
1318,0,18,26,0.5624763284830044
1319,0,19,26,0.5624763284830044
1320,0,20,26,0.5624763284830044
1321,0,21,26,0.5624763284830044
1322,0,22,26,0.5624763284830044
1323,0,23,26,0.5624763284830044
1324,0,24,26,0.5624763284830044
1325,0,25,26,-0.28255592304498045
1326,0,26,26,0.5624763284830044
1327,0,27,26,0.5624763284830044
1328,0,28,26,0.5624763284830044
1329,0,29,26,0.5624763284830044
1330,0,30,26,0.5624763284830044
1331,0,31,26,0.5624763284830044
1332,0,32,26,0.5624763284830044
1333,0,33,26,0.5624763284830044
1334,0,34,26,0.5624763284830044
1335,0,35,26,0.5624763284830044
1336,0,36,26,0.5624763284830044
1337,0,37,26,-0.28255592304498045
1338,0,38,26,0.5624763284830044
1339,0,39,26,0.5624763284830044
1340,0,40,26,0.5624763284830044
1341,0,41,26,-0.28255592304498045
1342,0,42,26,0.5624763284830044
1343,0,43,26,0.5624763284830044
1344,0,44,26,0.5624763284830044
1345,0,45,26,-0.28255592304498045
1346,0,46,26,0.5624763284830044
1347,0,47,26,0.5624763284830044
1348,0,48,26,0.5624763284830044
1349,0,49,26,0.5624763284830044
1350,0,0,27,0.6912849269874763
1351,0,1,27,0.6912849269874763
1352,0,2,27,0.6912849269874763
1353,0,3,27,-0.280827729743385
1354,0,4,27,-0.280827729743385
1355,0,5,27,-0.280827729743385
1356,0,6,27,0.6912849269874763
1357,0,7,27,0.6912849269874763
1358,0,8,27,-0.280827729743385
1359,0,9,27,0.6912849269874763
1360,0,10,27,0.6912849269874763
1361,0,11,27,-0.280827729743385
1362,0,12,27,-0.280827729743385
1363,0,13,27,-0.280827729743385
1364,0,14,27,-0.280827729743385
1365,0,15,27,-0.280827729743385
1366,0,16,27,0.6912849269874763
1367,0,17,27,-0.280827729743385
1368,0,18,27,0.6912849269874763
1369,0,19,27,0.6912849269874763
1370,0,20,27,-0.280827729743385
1371,0,21,27,0.6912849269874763
1372,0,22,27,-0.280827729743385
1373,0,23,27,0.6912849269874763
1374,0,24,27,0.6912849269874763
1375,0,25,27,-0.280827729743385
1376,0,26,27,0.6912849269874763
1377,0,27,27,0.6912849269874763
1378,0,28,27,-0.280827729743385
1379,0,29,27,0.6912849269874763
1380,0,30,27,-0.280827729743385
1381,0,31,27,0.6912849269874763
1382,0,32,27,-0.280827729743385
1383,0,33,27,-0.280827729743385
1384,0,34,27,0.6912849269874763
1385,0,35,27,-0.280827729743385
1386,0,36,27,0.6912849269874763
1387,0,37,27,0.6912849269874763
1388,0,38,27,0.6912849269874763
1389,0,39,27,-0.280827729743385
1390,0,40,27,0.6912849269874763
1391,0,41,27,0.6912849269874763
1392,0,42,27,0.6912849269874763
1393,0,43,27,-0.280827729743385
1394,0,44,27,-0.280827729743385
1395,0,45,27,0.6912849269874763
1396,0,46,27,0.6912849269874763
1397,0,47,27,0.6912849269874763
1398,0,48,27,0.6912849269874763
1399,0,49,27,0.6912849269874763
1400,0,0,28,0.6723621088072167
1401,0,1,28,-0.20475900603907976
1402,0,2,28,0.6723621088072167
1403,0,3,28,0.6723621088072167
1404,0,4,28,0.6723621088072167
1405,0,5,28,-0.20475900603907976
1406,0,6,28,-0.20475900603907976
1407,0,7,28,0.6723621088072167
1408,0,8,28,0.6723621088072167
1409,0,9,28,0.6723621088072167
1410,0,10,28,0.6723621088072167
1411,0,11,28,0.6723621088072167
1412,0,12,28,-0.20475900603907976
1413,0,13,28,0.6723621088072167
1414,0,14,28,0.6723621088072167
1415,0,15,28,0.6723621088072167
1416,0,16,28,0.6723621088072167
1417,0,17,28,0.6723621088072167
1418,0,18,28,0.6723621088072167
1419,0,19,28,0.6723621088072167
1420,0,20,28,0.6723621088072167
1421,0,21,28,0.6723621088072167
1422,0,22,28,-0.20475900603907976
1423,0,23,28,0.6723621088072167
1424,0,24,28,0.6723621088072167
1425,0,25,28,-0.20475900603907976
1426,0,26,28,0.6723621088072167
1427,0,27,28,0.6723621088072167
1428,0,28,28,0.6723621088072167
1429,0,29,28,0.6723621088072167
1430,0,30,28,0.6723621088072167
1431,0,31,28,0.6723621088072167
1432,0,32,28,0.6723621088072167
1433,0,33,28,0.6723621088072167
1434,0,34,28,0.6723621088072167
1435,0,35,28,0.6723621088072167
1436,0,36,28,0.6723621088072167
1437,0,37,28,-0.20475900603907976
1438,0,38,28,-0.20475900603907976
1439,0,39,28,0.6723621088072167
1440,0,40,28,-0.20475900603907976
1441,0,41,28,0.6723621088072167
1442,0,42,28,0.6723621088072167
1443,0,43,28,-0.20475900603907976
1444,0,44,28,0.6723621088072167
1445,0,45,28,0.6723621088072167
1446,0,46,28,-0.20475900603907976
1447,0,47,28,0.6723621088072167
1448,0,48,28,0.6723621088072167
1449,0,49,28,0.6723621088072167
1450,0,0,29,0.6061542816395812
1451,0,1,29,-0.24708848706522504
1452,0,2,29,-0.24708848706522504
1453,0,3,29,-0.24708848706522504
1454,0,4,29,0.6061542816395812
1455,0,5,29,-0.24708848706522504
1456,0,6,29,0.6061542816395812
1457,0,7,29,0.6061542816395812
1458,0,8,29,0.6061542816395812
1459,0,9,29,0.6061542816395812
1460,0,10,29,-0.24708848706522504
1461,0,11,29,-0.24708848706522504
1462,0,12,29,0.6061542816395812
1463,0,13,29,-0.24708848706522504
1464,0,14,29,0.6061542816395812
1465,0,15,29,0.6061542816395812
1466,0,16,29,0.6061542816395812
1467,0,17,29,0.6061542816395812
1468,0,18,29,0.6061542816395812
1469,0,19,29,0.6061542816395812
1470,0,20,29,0.6061542816395812
1471,0,21,29,-0.24708848706522504
1472,0,22,29,-0.24708848706522504
1473,0,23,29,-0.24708848706522504
1474,0,24,29,0.6061542816395812
1475,0,25,29,-0.24708848706522504
1476,0,26,29,0.6061542816395812
1477,0,27,29,-0.24708848706522504
1478,0,28,29,-0.24708848706522504
1479,0,29,29,0.6061542816395812
1480,0,30,29,0.6061542816395812
1481,0,31,29,0.6061542816395812
1482,0,32,29,0.6061542816395812
1483,0,33,29,0.6061542816395812
1484,0,34,29,0.6061542816395812
1485,0,35,29,-0.24708848706522504
1486,0,36,29,0.6061542816395812
1487,0,37,29,-0.24708848706522504
1488,0,38,29,0.6061542816395812
1489,0,39,29,0.6061542816395812
1490,0,40,29,0.6061542816395812
1491,0,41,29,0.6061542816395812
1492,0,42,29,-0.24708848706522504
1493,0,43,29,0.6061542816395812
1494,0,44,29,0.6061542816395812
1495,0,45,29,0.6061542816395812
1496,0,46,29,-0.24708848706522504
1497,0,47,29,0.6061542816395812
1498,0,48,29,-0.24708848706522504
1499,0,49,29,0.6061542816395812
1500,0,0,30,0.739563774307576
1501,0,1,30,-0.245756159101097
1502,0,2,30,0.739563774307576
1503,0,3,30,0.739563774307576
1504,0,4,30,-0.245756159101097
1505,0,5,30,0.739563774307576
1506,0,6,30,0.739563774307576
1507,0,7,30,0.739563774307576
1508,0,8,30,-0.245756159101097
1509,0,9,30,0.739563774307576
1510,0,10,30,0.739563774307576
1511,0,11,30,-0.245756159101097
1512,0,12,30,-0.245756159101097
1513,0,13,30,0.739563774307576
1514,0,14,30,0.739563774307576
1515,0,15,30,0.739563774307576
1516,0,16,30,0.739563774307576
1517,0,17,30,-0.245756159101097
1518,0,18,30,-0.245756159101097
1519,0,19,30,0.739563774307576
1520,0,20,30,-0.245756159101097
1521,0,21,30,0.739563774307576
1522,0,22,30,0.739563774307576
1523,0,23,30,-0.245756159101097
1524,0,24,30,-0.245756159101097
1525,0,25,30,0.739563774307576
1526,0,26,30,-0.245756159101097
1527,0,27,30,0.739563774307576
1528,0,28,30,-0.245756159101097
1529,0,29,30,-0.245756159101097
1530,0,30,30,-0.245756159101097
1531,0,31,30,0.739563774307576
1532,0,32,30,0.739563774307576
1533,0,33,30,-0.245756159101097
1534,0,34,30,0.739563774307576
1535,0,35,30,0.739563774307576
1536,0,36,30,-0.245756159101097
1537,0,37,30,-0.245756159101097
1538,0,38,30,-0.245756159101097
1539,0,39,30,0.739563774307576
1540,0,40,30,0.739563774307576
1541,0,41,30,-0.245756159101097
1542,0,42,30,0.739563774307576
1543,0,43,30,0.739563774307576
1544,0,44,30,0.739563774307576
1545,0,45,30,0.739563774307576
1546,0,46,30,0.739563774307576
1547,0,47,30,0.739563774307576
1548,0,48,30,0.739563774307576
1549,0,49,30,0.739563774307576
1550,0,0,31,-0.1832617174395938
1551,0,1,31,-0.1832617174395938
1552,0,2,31,-0.1832617174395938
1553,0,3,31,0.7454393370360188
1554,0,4,31,0.7454393370360188
1555,0,5,31,0.7454393370360188
1556,0,6,31,-0.1832617174395938
1557,0,7,31,0.7454393370360188
1558,0,8,31,0.7454393370360188
1559,0,9,31,0.7454393370360188
1560,0,10,31,0.7454393370360188
1561,0,11,31,-0.1832617174395938
1562,0,12,31,0.7454393370360188
1563,0,13,31,-0.1832617174395938
1564,0,14,31,-0.1832617174395938
1565,0,15,31,0.7454393370360188
1566,0,16,31,-0.1832617174395938
1567,0,17,31,0.7454393370360188
1568,0,18,31,0.7454393370360188
1569,0,19,31,0.7454393370360188
1570,0,20,31,-0.1832617174395938
1571,0,21,31,-0.1832617174395938
1572,0,22,31,0.7454393370360188
1573,0,23,31,0.7454393370360188
1574,0,24,31,0.7454393370360188
1575,0,25,31,-0.1832617174395938
1576,0,26,31,0.7454393370360188
1577,0,27,31,0.7454393370360188
1578,0,28,31,0.7454393370360188
1579,0,29,31,-0.1832617174395938
1580,0,30,31,0.7454393370360188
1581,0,31,31,-0.1832617174395938
1582,0,32,31,0.7454393370360188
1583,0,33,31,0.7454393370360188
1584,0,34,31,0.7454393370360188
1585,0,35,31,0.7454393370360188
1586,0,36,31,-0.1832617174395938
1587,0,37,31,0.7454393370360188
1588,0,38,31,0.7454393370360188
1589,0,39,31,0.7454393370360188
1590,0,40,31,-0.1832617174395938
1591,0,41,31,0.7454393370360188
1592,0,42,31,0.7454393370360188
1593,0,43,31,0.7454393370360188
1594,0,44,31,0.7454393370360188
1595,0,45,31,-0.1832617174395938
1596,0,46,31,-0.1832617174395938
1597,0,47,31,0.7454393370360188
1598,0,48,31,0.7454393370360188
1599,0,49,31,0.7454393370360188
1600,0,0,32,0.6512847095445169
1601,0,1,32,-0.2914652371601443
1602,0,2,32,0.6512847095445169
1603,0,3,32,-0.2914652371601443
1604,0,4,32,0.6512847095445169
1605,0,5,32,-0.2914652371601443
1606,0,6,32,0.6512847095445169
1607,0,7,32,0.6512847095445169
1608,0,8,32,0.6512847095445169
1609,0,9,32,-0.2914652371601443
1610,0,10,32,0.6512847095445169
1611,0,11,32,-0.2914652371601443
1612,0,12,32,-0.2914652371601443
1613,0,13,32,0.6512847095445169
1614,0,14,32,-0.2914652371601443
1615,0,15,32,-0.2914652371601443
1616,0,16,32,0.6512847095445169
1617,0,17,32,-0.2914652371601443
1618,0,18,32,-0.2914652371601443
1619,0,19,32,-0.2914652371601443
1620,0,20,32,0.6512847095445169
1621,0,21,32,-0.2914652371601443
1622,0,22,32,-0.2914652371601443
1623,0,23,32,-0.2914652371601443
1624,0,24,32,0.6512847095445169
1625,0,25,32,-0.2914652371601443
1626,0,26,32,-0.2914652371601443
1627,0,27,32,-0.2914652371601443
1628,0,28,32,-0.2914652371601443
1629,0,29,32,-0.2914652371601443
1630,0,30,32,-0.2914652371601443
1631,0,31,32,-0.2914652371601443
1632,0,32,32,-0.2914652371601443
1633,0,33,32,0.6512847095445169
1634,0,34,32,-0.2914652371601443
1635,0,35,32,0.6512847095445169
1636,0,36,32,-0.2914652371601443
1637,0,37,32,-0.2914652371601443
1638,0,38,32,0.6512847095445169
1639,0,39,32,0.6512847095445169
1640,0,40,32,-0.2914652371601443
1641,0,41,32,-0.2914652371601443
1642,0,42,32,-0.2914652371601443
1643,0,43,32,0.6512847095445169
1644,0,44,32,0.6512847095445169
1645,0,45,32,0.6512847095445169
1646,0,46,32,0.6512847095445169
1647,0,47,32,-0.2914652371601443
1648,0,48,32,0.6512847095445169
1649,0,49,32,0.6512847095445169
1650,0,0,33,0.7973721784639805
1651,0,1,33,-0.14534838994852656
1652,0,2,33,0.7973721784639805
1653,0,3,33,-0.14534838994852656
1654,0,4,33,-0.14534838994852656
1655,0,5,33,0.7973721784639805
1656,0,6,33,-0.14534838994852656
1657,0,7,33,0.7973721784639805
1658,0,8,33,0.7973721784639805
1659,0,9,33,-0.14534838994852656
1660,0,10,33,0.7973721784639805
1661,0,11,33,0.7973721784639805
1662,0,12,33,-0.14534838994852656
1663,0,13,33,0.7973721784639805
1664,0,14,33,0.7973721784639805
1665,0,15,33,0.7973721784639805
1666,0,16,33,0.7973721784639805
1667,0,17,33,0.7973721784639805
1668,0,18,33,0.7973721784639805
1669,0,19,33,0.7973721784639805
1670,0,20,33,0.7973721784639805
1671,0,21,33,-0.14534838994852656
1672,0,22,33,0.7973721784639805
1673,0,23,33,-0.14534838994852656
1674,0,24,33,-0.14534838994852656
1675,0,25,33,0.7973721784639805
1676,0,26,33,0.7973721784639805
1677,0,27,33,-0.14534838994852656
1678,0,28,33,0.7973721784639805
1679,0,29,33,-0.14534838994852656
1680,0,30,33,0.7973721784639805
1681,0,31,33,0.7973721784639805
1682,0,32,33,0.7973721784639805
1683,0,33,33,-0.14534838994852656
1684,0,34,33,-0.14534838994852656
1685,0,35,33,0.7973721784639805
1686,0,36,33,0.7973721784639805
1687,0,37,33,0.7973721784639805
1688,0,38,33,0.7973721784639805
1689,0,39,33,0.7973721784639805
1690,0,40,33,-0.14534838994852656
1691,0,41,33,0.7973721784639805
1692,0,42,33,-0.14534838994852656
1693,0,43,33,0.7973721784639805
1694,0,44,33,0.7973721784639805
1695,0,45,33,0.7973721784639805
1696,0,46,33,0.7973721784639805
1697,0,47,33,0.7973721784639805
1698,0,48,33,-0.14534838994852656
1699,0,49,33,0.7973721784639805
1700,0,0,34,-0.18768634855108196
1701,0,1,34,-0.18768634855108196
1702,0,2,34,-0.18768634855108196
1703,0,3,34,0.6836056193949172
1704,0,4,34,0.6836056193949172
1705,0,5,34,0.6836056193949172
1706,0,6,34,-0.18768634855108196
1707,0,7,34,-0.18768634855108196
1708,0,8,34,0.6836056193949172
1709,0,9,34,0.6836056193949172
1710,0,10,34,-0.18768634855108196
1711,0,11,34,-0.18768634855108196
1712,0,12,34,0.6836056193949172
1713,0,13,34,0.6836056193949172
1714,0,14,34,0.6836056193949172
1715,0,15,34,-0.18768634855108196
1716,0,16,34,0.6836056193949172
1717,0,17,34,0.6836056193949172
1718,0,18,34,-0.18768634855108196
1719,0,19,34,0.6836056193949172
1720,0,20,34,0.6836056193949172
1721,0,21,34,0.6836056193949172
1722,0,22,34,0.6836056193949172
1723,0,23,34,0.6836056193949172
1724,0,24,34,-0.18768634855108196
1725,0,25,34,0.6836056193949172
1726,0,26,34,-0.18768634855108196
1727,0,27,34,0.6836056193949172
1728,0,28,34,-0.18768634855108196
1729,0,29,34,-0.18768634855108196
1730,0,30,34,-0.18768634855108196
1731,0,31,34,-0.18768634855108196
1732,0,32,34,-0.18768634855108196
1733,0,33,34,0.6836056193949172
1734,0,34,34,0.6836056193949172
1735,0,35,34,0.6836056193949172
1736,0,36,34,-0.18768634855108196
1737,0,37,34,0.6836056193949172
1738,0,38,34,-0.18768634855108196
1739,0,39,34,-0.18768634855108196
1740,0,40,34,-0.18768634855108196
1741,0,41,34,0.6836056193949172
1742,0,42,34,-0.18768634855108196
1743,0,43,34,0.6836056193949172
1744,0,44,34,0.6836056193949172
1745,0,45,34,0.6836056193949172
1746,0,46,34,-0.18768634855108196
1747,0,47,34,0.6836056193949172
1748,0,48,34,-0.18768634855108196
1749,0,49,34,0.6836056193949172
1750,0,0,35,0.7657473137861357
1751,0,1,35,0.7657473137861357
1752,0,2,35,-0.22204941134727116
1753,0,3,35,0.7657473137861357
1754,0,4,35,0.7657473137861357
1755,0,5,35,-0.22204941134727116
1756,0,6,35,0.7657473137861357
1757,0,7,35,-0.22204941134727116
1758,0,8,35,0.7657473137861357
1759,0,9,35,-0.22204941134727116
1760,0,10,35,0.7657473137861357
1761,0,11,35,0.7657473137861357
1762,0,12,35,0.7657473137861357
1763,0,13,35,-0.22204941134727116
1764,0,14,35,-0.22204941134727116
1765,0,15,35,0.7657473137861357
1766,0,16,35,0.7657473137861357
1767,0,17,35,0.7657473137861357
1768,0,18,35,-0.22204941134727116
1769,0,19,35,-0.22204941134727116
1770,0,20,35,-0.22204941134727116
1771,0,21,35,-0.22204941134727116
1772,0,22,35,-0.22204941134727116
1773,0,23,35,-0.22204941134727116
1774,0,24,35,0.7657473137861357
1775,0,25,35,-0.22204941134727116
1776,0,26,35,0.7657473137861357
1777,0,27,35,0.7657473137861357
1778,0,28,35,-0.22204941134727116
1779,0,29,35,-0.22204941134727116
1780,0,30,35,0.7657473137861357
1781,0,31,35,0.7657473137861357
1782,0,32,35,0.7657473137861357
1783,0,33,35,-0.22204941134727116
1784,0,34,35,-0.22204941134727116
1785,0,35,35,-0.22204941134727116
1786,0,36,35,-0.22204941134727116
1787,0,37,35,-0.22204941134727116
1788,0,38,35,0.7657473137861357
1789,0,39,35,0.7657473137861357
1790,0,40,35,0.7657473137861357
1791,0,41,35,-0.22204941134727116
1792,0,42,35,-0.22204941134727116
1793,0,43,35,-0.22204941134727116
1794,0,44,35,-0.22204941134727116
1795,0,45,35,-0.22204941134727116
1796,0,46,35,0.7657473137861357
1797,0,47,35,0.7657473137861357
1798,0,48,35,-0.22204941134727116
1799,0,49,35,-0.22204941134727116
1800,0,0,36,0.6808664372363271
1801,0,1,36,-0.13372909211013792
1802,0,2,36,0.6808664372363271
1803,0,3,36,0.6808664372363271
1804,0,4,36,-0.13372909211013792
1805,0,5,36,0.6808664372363271
1806,0,6,36,0.6808664372363271
1807,0,7,36,0.6808664372363271
1808,0,8,36,0.6808664372363271
1809,0,9,36,-0.13372909211013792
1810,0,10,36,0.6808664372363271
1811,0,11,36,0.6808664372363271
1812,0,12,36,0.6808664372363271
1813,0,13,36,0.6808664372363271
1814,0,14,36,0.6808664372363271
1815,0,15,36,0.6808664372363271
1816,0,16,36,-0.13372909211013792
1817,0,17,36,-0.13372909211013792
1818,0,18,36,0.6808664372363271
1819,0,19,36,0.6808664372363271
1820,0,20,36,0.6808664372363271
1821,0,21,36,0.6808664372363271
1822,0,22,36,0.6808664372363271
1823,0,23,36,0.6808664372363271
1824,0,24,36,0.6808664372363271
1825,0,25,36,-0.13372909211013792
1826,0,26,36,0.6808664372363271
1827,0,27,36,-0.13372909211013792
1828,0,28,36,0.6808664372363271
1829,0,29,36,-0.13372909211013792
1830,0,30,36,-0.13372909211013792
1831,0,31,36,0.6808664372363271
1832,0,32,36,0.6808664372363271
1833,0,33,36,-0.13372909211013792
1834,0,34,36,0.6808664372363271
1835,0,35,36,0.6808664372363271
1836,0,36,36,0.6808664372363271
1837,0,37,36,-0.13372909211013792
1838,0,38,36,0.6808664372363271
1839,0,39,36,-0.13372909211013792
1840,0,40,36,-0.13372909211013792
1841,0,41,36,0.6808664372363271
1842,0,42,36,0.6808664372363271
1843,0,43,36,0.6808664372363271
1844,0,44,36,0.6808664372363271
1845,0,45,36,0.6808664372363271
1846,0,46,36,0.6808664372363271
1847,0,47,36,-0.13372909211013792
1848,0,48,36,0.6808664372363271
1849,0,49,36,0.6808664372363271
1850,0,0,37,0.5881871137180569
1851,0,1,37,-0.2709826485720205
1852,0,2,37,0.5881871137180569
1853,0,3,37,-0.2709826485720205
1854,0,4,37,0.5881871137180569
1855,0,5,37,0.5881871137180569
1856,0,6,37,-0.2709826485720205
1857,0,7,37,-0.2709826485720205
1858,0,8,37,0.5881871137180569
1859,0,9,37,0.5881871137180569
1860,0,10,37,-0.2709826485720205
1861,0,11,37,0.5881871137180569
1862,0,12,37,0.5881871137180569
1863,0,13,37,0.5881871137180569
1864,0,14,37,-0.2709826485720205
1865,0,15,37,-0.2709826485720205
1866,0,16,37,0.5881871137180569
1867,0,17,37,0.5881871137180569
1868,0,18,37,-0.2709826485720205
1869,0,19,37,0.5881871137180569
1870,0,20,37,0.5881871137180569
1871,0,21,37,-0.2709826485720205
1872,0,22,37,-0.2709826485720205
1873,0,23,37,-0.2709826485720205
1874,0,24,37,0.5881871137180569
1875,0,25,37,0.5881871137180569
1876,0,26,37,0.5881871137180569
1877,0,27,37,0.5881871137180569
1878,0,28,37,-0.2709826485720205
1879,0,29,37,-0.2709826485720205
1880,0,30,37,0.5881871137180569
1881,0,31,37,-0.2709826485720205
1882,0,32,37,0.5881871137180569
1883,0,33,37,0.5881871137180569
1884,0,34,37,0.5881871137180569
1885,0,35,37,0.5881871137180569
1886,0,36,37,-0.2709826485720205
1887,0,37,37,0.5881871137180569
1888,0,38,37,-0.2709826485720205
1889,0,39,37,-0.2709826485720205
1890,0,40,37,0.5881871137180569
1891,0,41,37,-0.2709826485720205
1892,0,42,37,0.5881871137180569
1893,0,43,37,0.5881871137180569
1894,0,44,37,-0.2709826485720205
1895,0,45,37,-0.2709826485720205
1896,0,46,37,0.5881871137180569
1897,0,47,37,0.5881871137180569
1898,0,48,37,0.5881871137180569
1899,0,49,37,-0.2709826485720205
1900,0,0,38,0.5260134077166065
1901,0,1,38,0.5260134077166065
1902,0,2,38,0.5260134077166065
1903,0,3,38,0.5260134077166065
1904,0,4,38,0.5260134077166065
1905,0,5,38,0.5260134077166065
1906,0,6,38,0.5260134077166065
1907,0,7,38,0.5260134077166065
1908,0,8,38,0.5260134077166065
1909,0,9,38,0.5260134077166065
1910,0,10,38,-0.2792243435111905
1911,0,11,38,0.5260134077166065
1912,0,12,38,0.5260134077166065
1913,0,13,38,0.5260134077166065
1914,0,14,38,0.5260134077166065
1915,0,15,38,0.5260134077166065
1916,0,16,38,0.5260134077166065
1917,0,17,38,-0.2792243435111905
1918,0,18,38,0.5260134077166065
1919,0,19,38,0.5260134077166065
1920,0,20,38,0.5260134077166065
1921,0,21,38,0.5260134077166065
1922,0,22,38,0.5260134077166065
1923,0,23,38,-0.2792243435111905
1924,0,24,38,0.5260134077166065
1925,0,25,38,0.5260134077166065
1926,0,26,38,0.5260134077166065
1927,0,27,38,0.5260134077166065
1928,0,28,38,0.5260134077166065
1929,0,29,38,0.5260134077166065
1930,0,30,38,0.5260134077166065
1931,0,31,38,0.5260134077166065
1932,0,32,38,0.5260134077166065
1933,0,33,38,0.5260134077166065
1934,0,34,38,0.5260134077166065
1935,0,35,38,-0.2792243435111905
1936,0,36,38,0.5260134077166065
1937,0,37,38,0.5260134077166065
1938,0,38,38,0.5260134077166065
1939,0,39,38,-0.2792243435111905
1940,0,40,38,0.5260134077166065
1941,0,41,38,0.5260134077166065
1942,0,42,38,0.5260134077166065
1943,0,43,38,0.5260134077166065
1944,0,44,38,0.5260134077166065
1945,0,45,38,-0.2792243435111905
1946,0,46,38,0.5260134077166065
1947,0,47,38,-0.2792243435111905
1948,0,48,38,-0.2792243435111905
1949,0,49,38,0.5260134077166065
1950,0,0,39,0.84114126326738
1951,0,1,39,0.84114126326738
1952,0,2,39,0.84114126326738
1953,0,3,39,0.84114126326738
1954,0,4,39,0.84114126326738
1955,0,5,39,0.84114126326738
1956,0,6,39,-0.14702729189432126
1957,0,7,39,0.84114126326738
1958,0,8,39,0.84114126326738
1959,0,9,39,-0.14702729189432126
1960,0,10,39,0.84114126326738
1961,0,11,39,0.84114126326738
1962,0,12,39,0.84114126326738
1963,0,13,39,0.84114126326738
1964,0,14,39,0.84114126326738
1965,0,15,39,0.84114126326738
1966,0,16,39,0.84114126326738
1967,0,17,39,-0.14702729189432126
1968,0,18,39,0.84114126326738
1969,0,19,39,0.84114126326738
1970,0,20,39,0.84114126326738
1971,0,21,39,0.84114126326738
1972,0,22,39,0.84114126326738
1973,0,23,39,0.84114126326738
1974,0,24,39,0.84114126326738
1975,0,25,39,0.84114126326738
1976,0,26,39,0.84114126326738
1977,0,27,39,0.84114126326738
1978,0,28,39,-0.14702729189432126
1979,0,29,39,-0.14702729189432126
1980,0,30,39,0.84114126326738
1981,0,31,39,0.84114126326738
1982,0,32,39,0.84114126326738
1983,0,33,39,0.84114126326738
1984,0,34,39,0.84114126326738
1985,0,35,39,0.84114126326738
1986,0,36,39,0.84114126326738
1987,0,37,39,0.84114126326738
1988,0,38,39,0.84114126326738
1989,0,39,39,0.84114126326738
1990,0,40,39,0.84114126326738
1991,0,41,39,0.84114126326738
1992,0,42,39,-0.14702729189432126
1993,0,43,39,-0.14702729189432126
1994,0,44,39,0.84114126326738
1995,0,45,39,0.84114126326738
1996,0,46,39,0.84114126326738
1997,0,47,39,0.84114126326738
1998,0,48,39,0.84114126326738
1999,0,49,39,0.84114126326738
2000,0,0,40,0.5942119548437994
2001,0,1,40,-0.17030457571305674
2002,0,2,40,0.5942119548437994
2003,0,3,40,-0.17030457571305674
2004,0,4,40,0.5942119548437994
2005,0,5,40,0.5942119548437994
2006,0,6,40,0.5942119548437994
2007,0,7,40,-0.17030457571305674
2008,0,8,40,0.5942119548437994
2009,0,9,40,0.5942119548437994
2010,0,10,40,0.5942119548437994
2011,0,11,40,-0.17030457571305674
2012,0,12,40,0.5942119548437994
2013,0,13,40,-0.17030457571305674
2014,0,14,40,-0.17030457571305674
2015,0,15,40,-0.17030457571305674
2016,0,16,40,0.5942119548437994
2017,0,17,40,0.5942119548437994
2018,0,18,40,0.5942119548437994
2019,0,19,40,0.5942119548437994
2020,0,20,40,-0.17030457571305674
2021,0,21,40,-0.17030457571305674
2022,0,22,40,-0.17030457571305674
2023,0,23,40,0.5942119548437994
2024,0,24,40,-0.17030457571305674
2025,0,25,40,-0.17030457571305674
2026,0,26,40,-0.17030457571305674
2027,0,27,40,-0.17030457571305674
2028,0,28,40,-0.17030457571305674
2029,0,29,40,-0.17030457571305674
2030,0,30,40,-0.17030457571305674
2031,0,31,40,0.5942119548437994
2032,0,32,40,-0.17030457571305674
2033,0,33,40,-0.17030457571305674
2034,0,34,40,-0.17030457571305674
2035,0,35,40,-0.17030457571305674
2036,0,36,40,-0.17030457571305674
2037,0,37,40,0.5942119548437994
2038,0,38,40,-0.17030457571305674
2039,0,39,40,0.5942119548437994
2040,0,40,40,-0.17030457571305674
2041,0,41,40,-0.17030457571305674
2042,0,42,40,0.5942119548437994
2043,0,43,40,-0.17030457571305674
2044,0,44,40,0.5942119548437994
2045,0,45,40,0.5942119548437994
2046,0,46,40,-0.17030457571305674
2047,0,47,40,-0.17030457571305674
2048,0,48,40,-0.17030457571305674
2049,0,49,40,0.5942119548437994
2050,0,0,41,0.5507007003341812
2051,0,1,41,0.5507007003341812
2052,0,2,41,0.5507007003341812
2053,0,3,41,0.5507007003341812
2054,0,4,41,0.5507007003341812
2055,0,5,41,0.5507007003341812
2056,0,6,41,0.5507007003341812
2057,0,7,41,0.5507007003341812
2058,0,8,41,0.5507007003341812
2059,0,9,41,0.5507007003341812
2060,0,10,41,0.5507007003341812
2061,0,11,41,-0.2712305024599492
2062,0,12,41,0.5507007003341812
2063,0,13,41,0.5507007003341812
2064,0,14,41,0.5507007003341812
2065,0,15,41,0.5507007003341812
2066,0,16,41,0.5507007003341812
2067,0,17,41,0.5507007003341812
2068,0,18,41,0.5507007003341812
2069,0,19,41,-0.2712305024599492
2070,0,20,41,0.5507007003341812
2071,0,21,41,0.5507007003341812
2072,0,22,41,0.5507007003341812
2073,0,23,41,0.5507007003341812
2074,0,24,41,0.5507007003341812
2075,0,25,41,0.5507007003341812
2076,0,26,41,0.5507007003341812
2077,0,27,41,0.5507007003341812
2078,0,28,41,0.5507007003341812
2079,0,29,41,0.5507007003341812
2080,0,30,41,-0.2712305024599492
2081,0,31,41,0.5507007003341812
2082,0,32,41,0.5507007003341812
2083,0,33,41,0.5507007003341812
2084,0,34,41,0.5507007003341812
2085,0,35,41,-0.2712305024599492
2086,0,36,41,0.5507007003341812
2087,0,37,41,-0.2712305024599492
2088,0,38,41,-0.2712305024599492
2089,0,39,41,0.5507007003341812
2090,0,40,41,0.5507007003341812
2091,0,41,41,0.5507007003341812
2092,0,42,41,0.5507007003341812
2093,0,43,41,0.5507007003341812
2094,0,44,41,0.5507007003341812
2095,0,45,41,0.5507007003341812
2096,0,46,41,0.5507007003341812
2097,0,47,41,0.5507007003341812
2098,0,48,41,0.5507007003341812
2099,0,49,41,0.5507007003341812
2100,0,0,42,0.6775224434711102
2101,0,1,42,-0.1293384236387814
2102,0,2,42,-0.1293384236387814
2103,0,3,42,0.6775224434711102
2104,0,4,42,0.6775224434711102
2105,0,5,42,-0.1293384236387814
2106,0,6,42,0.6775224434711102
2107,0,7,42,0.6775224434711102
2108,0,8,42,0.6775224434711102
2109,0,9,42,-0.1293384236387814
2110,0,10,42,0.6775224434711102
2111,0,11,42,0.6775224434711102
2112,0,12,42,0.6775224434711102
2113,0,13,42,0.6775224434711102
2114,0,14,42,0.6775224434711102
2115,0,15,42,0.6775224434711102
2116,0,16,42,0.6775224434711102
2117,0,17,42,0.6775224434711102
2118,0,18,42,0.6775224434711102
2119,0,19,42,0.6775224434711102
2120,0,20,42,0.6775224434711102
2121,0,21,42,0.6775224434711102
2122,0,22,42,0.6775224434711102
2123,0,23,42,0.6775224434711102
2124,0,24,42,-0.1293384236387814
2125,0,25,42,0.6775224434711102
2126,0,26,42,0.6775224434711102
2127,0,27,42,-0.1293384236387814
2128,0,28,42,0.6775224434711102
2129,0,29,42,-0.1293384236387814
2130,0,30,42,0.6775224434711102
2131,0,31,42,0.6775224434711102
2132,0,32,42,-0.1293384236387814
2133,0,33,42,0.6775224434711102
2134,0,34,42,0.6775224434711102
2135,0,35,42,0.6775224434711102
2136,0,36,42,0.6775224434711102
2137,0,37,42,-0.1293384236387814
2138,0,38,42,0.6775224434711102
2139,0,39,42,0.6775224434711102
2140,0,40,42,0.6775224434711102
2141,0,41,42,0.6775224434711102
2142,0,42,42,0.6775224434711102
2143,0,43,42,0.6775224434711102
2144,0,44,42,0.6775224434711102
2145,0,45,42,0.6775224434711102
2146,0,46,42,0.6775224434711102
2147,0,47,42,0.6775224434711102
2148,0,48,42,0.6775224434711102
2149,0,49,42,0.6775224434711102
2150,0,0,43,0.7577834233230242
2151,0,1,43,0.7577834233230242
2152,0,2,43,0.7577834233230242
2153,0,3,43,-0.17598102085708697
2154,0,4,43,-0.17598102085708697
2155,0,5,43,0.7577834233230242
2156,0,6,43,0.7577834233230242
2157,0,7,43,0.7577834233230242
2158,0,8,43,0.7577834233230242
2159,0,9,43,0.7577834233230242
2160,0,10,43,0.7577834233230242
2161,0,11,43,0.7577834233230242
2162,0,12,43,0.7577834233230242
2163,0,13,43,0.7577834233230242
2164,0,14,43,-0.17598102085708697
2165,0,15,43,-0.17598102085708697
2166,0,16,43,-0.17598102085708697
2167,0,17,43,0.7577834233230242
2168,0,18,43,-0.17598102085708697
2169,0,19,43,0.7577834233230242
2170,0,20,43,0.7577834233230242
2171,0,21,43,0.7577834233230242
2172,0,22,43,-0.17598102085708697
2173,0,23,43,-0.17598102085708697
2174,0,24,43,0.7577834233230242
2175,0,25,43,0.7577834233230242
2176,0,26,43,0.7577834233230242
2177,0,27,43,0.7577834233230242
2178,0,28,43,-0.17598102085708697
2179,0,29,43,-0.17598102085708697
2180,0,30,43,-0.17598102085708697
2181,0,31,43,0.7577834233230242
2182,0,32,43,0.7577834233230242
2183,0,33,43,-0.17598102085708697
2184,0,34,43,0.7577834233230242
2185,0,35,43,-0.17598102085708697
2186,0,36,43,0.7577834233230242
2187,0,37,43,-0.17598102085708697
2188,0,38,43,-0.17598102085708697
2189,0,39,43,-0.17598102085708697
2190,0,40,43,0.7577834233230242
2191,0,41,43,0.7577834233230242
2192,0,42,43,0.7577834233230242
2193,0,43,43,-0.17598102085708697
2194,0,44,43,0.7577834233230242
2195,0,45,43,0.7577834233230242
2196,0,46,43,-0.17598102085708697
2197,0,47,43,-0.17598102085708697
2198,0,48,43,-0.17598102085708697
2199,0,49,43,-0.17598102085708697
2200,0,0,44,0.6633461860454496
2201,0,1,44,0.6633461860454496
2202,0,2,44,-0.2530130881634066
2203,0,3,44,0.6633461860454496
2204,0,4,44,0.6633461860454496
2205,0,5,44,0.6633461860454496
2206,0,6,44,0.6633461860454496
2207,0,7,44,0.6633461860454496
2208,0,8,44,0.6633461860454496
2209,0,9,44,-0.2530130881634066
2210,0,10,44,0.6633461860454496
2211,0,11,44,-0.2530130881634066
2212,0,12,44,0.6633461860454496
2213,0,13,44,0.6633461860454496
2214,0,14,44,0.6633461860454496
2215,0,15,44,0.6633461860454496
2216,0,16,44,0.6633461860454496
2217,0,17,44,-0.2530130881634066
2218,0,18,44,0.6633461860454496
2219,0,19,44,0.6633461860454496
2220,0,20,44,-0.2530130881634066
2221,0,21,44,0.6633461860454496
2222,0,22,44,0.6633461860454496
2223,0,23,44,0.6633461860454496
2224,0,24,44,0.6633461860454496
2225,0,25,44,-0.2530130881634066
2226,0,26,44,0.6633461860454496
2227,0,27,44,0.6633461860454496
2228,0,28,44,-0.2530130881634066
2229,0,29,44,-0.2530130881634066
2230,0,30,44,-0.2530130881634066
2231,0,31,44,-0.2530130881634066
2232,0,32,44,-0.2530130881634066
2233,0,33,44,-0.2530130881634066
2234,0,34,44,-0.2530130881634066
2235,0,35,44,0.6633461860454496
2236,0,36,44,0.6633461860454496
2237,0,37,44,0.6633461860454496
2238,0,38,44,0.6633461860454496
2239,0,39,44,0.6633461860454496
2240,0,40,44,-0.2530130881634066
2241,0,41,44,-0.2530130881634066
2242,0,42,44,0.6633461860454496
2243,0,43,44,0.6633461860454496
2244,0,44,44,-0.2530130881634066
2245,0,45,44,0.6633461860454496
2246,0,46,44,0.6633461860454496
2247,0,47,44,-0.2530130881634066
2248,0,48,44,-0.2530130881634066
2249,0,49,44,0.6633461860454496
2250,0,0,45,-0.28162569015071726
2251,0,1,45,0.5388003777825923
2252,0,2,45,0.5388003777825923
2253,0,3,45,0.5388003777825923
2254,0,4,45,0.5388003777825923
2255,0,5,45,0.5388003777825923
2256,0,6,45,0.5388003777825923
2257,0,7,45,0.5388003777825923
2258,0,8,45,0.5388003777825923
2259,0,9,45,0.5388003777825923
2260,0,10,45,0.5388003777825923
2261,0,11,45,0.5388003777825923
2262,0,12,45,0.5388003777825923
2263,0,13,45,0.5388003777825923
2264,0,14,45,0.5388003777825923
2265,0,15,45,0.5388003777825923
2266,0,16,45,0.5388003777825923
2267,0,17,45,0.5388003777825923
2268,0,18,45,0.5388003777825923
2269,0,19,45,0.5388003777825923
2270,0,20,45,0.5388003777825923
2271,0,21,45,0.5388003777825923
2272,0,22,45,0.5388003777825923
2273,0,23,45,-0.28162569015071726
2274,0,24,45,0.5388003777825923
2275,0,25,45,-0.28162569015071726
2276,0,26,45,0.5388003777825923
2277,0,27,45,0.5388003777825923
2278,0,28,45,0.5388003777825923
2279,0,29,45,0.5388003777825923
2280,0,30,45,0.5388003777825923
2281,0,31,45,0.5388003777825923
2282,0,32,45,0.5388003777825923
2283,0,33,45,0.5388003777825923
2284,0,34,45,0.5388003777825923
2285,0,35,45,0.5388003777825923
2286,0,36,45,0.5388003777825923
2287,0,37,45,0.5388003777825923
2288,0,38,45,0.5388003777825923
2289,0,39,45,-0.28162569015071726
2290,0,40,45,0.5388003777825923
2291,0,41,45,0.5388003777825923
2292,0,42,45,0.5388003777825923
2293,0,43,45,-0.28162569015071726
2294,0,44,45,0.5388003777825923
2295,0,45,45,0.5388003777825923
2296,0,46,45,-0.28162569015071726
2297,0,47,45,0.5388003777825923
2298,0,48,45,-0.28162569015071726
2299,0,49,45,0.5388003777825923
2300,0,0,46,0.5984618095832259
2301,0,1,46,0.5984618095832259
2302,0,2,46,-0.25594275067646244
2303,0,3,46,0.5984618095832259
2304,0,4,46,0.5984618095832259
2305,0,5,46,0.5984618095832259
2306,0,6,46,0.5984618095832259
2307,0,7,46,-0.25594275067646244
2308,0,8,46,0.5984618095832259
2309,0,9,46,0.5984618095832259
2310,0,10,46,0.5984618095832259
2311,0,11,46,0.5984618095832259
2312,0,12,46,0.5984618095832259
2313,0,13,46,-0.25594275067646244
2314,0,14,46,0.5984618095832259
2315,0,15,46,-0.25594275067646244
2316,0,16,46,-0.25594275067646244
2317,0,17,46,0.5984618095832259
2318,0,18,46,-0.25594275067646244
2319,0,19,46,0.5984618095832259
2320,0,20,46,0.5984618095832259
2321,0,21,46,0.5984618095832259
2322,0,22,46,0.5984618095832259
2323,0,23,46,0.5984618095832259
2324,0,24,46,-0.25594275067646244
2325,0,25,46,0.5984618095832259
2326,0,26,46,0.5984618095832259
2327,0,27,46,-0.25594275067646244
2328,0,28,46,-0.25594275067646244
2329,0,29,46,0.5984618095832259
2330,0,30,46,-0.25594275067646244
2331,0,31,46,0.5984618095832259
2332,0,32,46,-0.25594275067646244
2333,0,33,46,-0.25594275067646244
2334,0,34,46,-0.25594275067646244
2335,0,35,46,-0.25594275067646244
2336,0,36,46,0.5984618095832259
2337,0,37,46,-0.25594275067646244
2338,0,38,46,0.5984618095832259
2339,0,39,46,0.5984618095832259
2340,0,40,46,0.5984618095832259
2341,0,41,46,0.5984618095832259
2342,0,42,46,0.5984618095832259
2343,0,43,46,-0.25594275067646244
2344,0,44,46,0.5984618095832259
2345,0,45,46,-0.25594275067646244
2346,0,46,46,0.5984618095832259
2347,0,47,46,-0.25594275067646244
2348,0,48,46,0.5984618095832259
2349,0,49,46,-0.25594275067646244
2350,0,0,47,0.7181434693220214
2351,0,1,47,0.7181434693220214
2352,0,2,47,0.7181434693220214
2353,0,3,47,0.7181434693220214
2354,0,4,47,-0.2552404052321019
2355,0,5,47,0.7181434693220214
2356,0,6,47,-0.2552404052321019
2357,0,7,47,-0.2552404052321019
2358,0,8,47,0.7181434693220214
2359,0,9,47,-0.2552404052321019
2360,0,10,47,-0.2552404052321019
2361,0,11,47,-0.2552404052321019
2362,0,12,47,0.7181434693220214
2363,0,13,47,0.7181434693220214
2364,0,14,47,0.7181434693220214
2365,0,15,47,0.7181434693220214
2366,0,16,47,0.7181434693220214
2367,0,17,47,0.7181434693220214
2368,0,18,47,-0.2552404052321019
2369,0,19,47,0.7181434693220214
2370,0,20,47,0.7181434693220214
2371,0,21,47,0.7181434693220214
2372,0,22,47,0.7181434693220214
2373,0,23,47,-0.2552404052321019
2374,0,24,47,0.7181434693220214
2375,0,25,47,-0.2552404052321019
2376,0,26,47,-0.2552404052321019
2377,0,27,47,0.7181434693220214
2378,0,28,47,0.7181434693220214
2379,0,29,47,0.7181434693220214
2380,0,30,47,0.7181434693220214
2381,0,31,47,0.7181434693220214
2382,0,32,47,0.7181434693220214
2383,0,33,47,0.7181434693220214
2384,0,34,47,0.7181434693220214
2385,0,35,47,0.7181434693220214
2386,0,36,47,-0.2552404052321019
2387,0,37,47,0.7181434693220214
2388,0,38,47,0.7181434693220214
2389,0,39,47,0.7181434693220214
2390,0,40,47,0.7181434693220214
2391,0,41,47,0.7181434693220214
2392,0,42,47,0.7181434693220214
2393,0,43,47,-0.2552404052321019
2394,0,44,47,0.7181434693220214
2395,0,45,47,0.7181434693220214
2396,0,46,47,-0.2552404052321019
2397,0,47,47,0.7181434693220214
2398,0,48,47,-0.2552404052321019
2399,0,49,47,0.7181434693220214
2400,0,0,48,0.6139617146173335
2401,0,1,48,0.6139617146173335
2402,0,2,48,0.6139617146173335
2403,0,3,48,0.6139617146173335
2404,0,4,48,0.6139617146173335
2405,0,5,48,0.6139617146173335
2406,0,6,48,0.6139617146173335
2407,0,7,48,0.6139617146173335
2408,0,8,48,0.6139617146173335
2409,0,9,48,-0.16858257106336866
2410,0,10,48,0.6139617146173335
2411,0,11,48,0.6139617146173335
2412,0,12,48,0.6139617146173335
2413,0,13,48,0.6139617146173335
2414,0,14,48,0.6139617146173335
2415,0,15,48,0.6139617146173335
2416,0,16,48,0.6139617146173335
2417,0,17,48,-0.16858257106336866
2418,0,18,48,0.6139617146173335
2419,0,19,48,-0.16858257106336866
2420,0,20,48,0.6139617146173335
2421,0,21,48,0.6139617146173335
2422,0,22,48,0.6139617146173335
2423,0,23,48,-0.16858257106336866
2424,0,24,48,0.6139617146173335
2425,0,25,48,0.6139617146173335
2426,0,26,48,-0.16858257106336866
2427,0,27,48,0.6139617146173335
2428,0,28,48,0.6139617146173335
2429,0,29,48,-0.16858257106336866
2430,0,30,48,0.6139617146173335
2431,0,31,48,-0.16858257106336866
2432,0,32,48,0.6139617146173335
2433,0,33,48,0.6139617146173335
2434,0,34,48,-0.16858257106336866
2435,0,35,48,0.6139617146173335
2436,0,36,48,0.6139617146173335
2437,0,37,48,0.6139617146173335
2438,0,38,48,0.6139617146173335
2439,0,39,48,0.6139617146173335
2440,0,40,48,0.6139617146173335
2441,0,41,48,0.6139617146173335
2442,0,42,48,0.6139617146173335
2443,0,43,48,0.6139617146173335
2444,0,44,48,0.6139617146173335
2445,0,45,48,0.6139617146173335
2446,0,46,48,-0.16858257106336866
2447,0,47,48,-0.16858257106336866
2448,0,48,48,0.6139617146173335
2449,0,49,48,-0.16858257106336866
2450,0,0,49,-0.12994333678994557
2451,0,1,49,0.6284917230826856
2452,0,2,49,0.6284917230826856
2453,0,3,49,-0.12994333678994557
2454,0,4,49,-0.12994333678994557
2455,0,5,49,0.6284917230826856
2456,0,6,49,0.6284917230826856
2457,0,7,49,-0.12994333678994557
2458,0,8,49,-0.12994333678994557
2459,0,9,49,-0.12994333678994557
2460,0,10,49,0.6284917230826856
2461,0,11,49,-0.12994333678994557
2462,0,12,49,0.6284917230826856
2463,0,13,49,-0.12994333678994557
2464,0,14,49,0.6284917230826856
2465,0,15,49,0.6284917230826856
2466,0,16,49,0.6284917230826856
2467,0,17,49,0.6284917230826856
2468,0,18,49,0.6284917230826856
2469,0,19,49,-0.12994333678994557
2470,0,20,49,0.6284917230826856
2471,0,21,49,0.6284917230826856
2472,0,22,49,0.6284917230826856
2473,0,23,49,0.6284917230826856
2474,0,24,49,-0.12994333678994557
2475,0,25,49,0.6284917230826856
2476,0,26,49,0.6284917230826856
2477,0,27,49,0.6284917230826856
2478,0,28,49,-0.12994333678994557
2479,0,29,49,0.6284917230826856
2480,0,30,49,-0.12994333678994557
2481,0,31,49,-0.12994333678994557
2482,0,32,49,0.6284917230826856
2483,0,33,49,-0.12994333678994557
2484,0,34,49,0.6284917230826856
2485,0,35,49,-0.12994333678994557
2486,0,36,49,0.6284917230826856
2487,0,37,49,-0.12994333678994557
2488,0,38,49,0.6284917230826856
2489,0,39,49,0.6284917230826856
2490,0,40,49,-0.12994333678994557
2491,0,41,49,0.6284917230826856
2492,0,42,49,0.6284917230826856
2493,0,43,49,0.6284917230826856
2494,0,44,49,0.6284917230826856
2495,0,45,49,0.6284917230826856
2496,0,46,49,0.6284917230826856
2497,0,47,49,0.6284917230826856
2498,0,48,49,0.6284917230826856
2499,0,49,49,0.6284917230826856
