,overall_run_index,simulation_run_index,consumer_index,mae
0,0,0,0,0.6294858166964652
1,0,1,0,0.6294840685455494
2,0,2,0,0.6473840093035941
3,0,3,0,0.6294046114576892
4,0,4,0,0.6473047333317278
5,0,5,0,0.6528777251479313
6,0,6,0,0.6419283277181157
7,0,7,0,0.6239878103145153
8,0,8,0,0.6239864364718344
9,0,9,0,0.6239850699258315
10,0,10,0,0.6239837106367393
11,0,11,0,0.623982358564939
12,0,12,0,0.6239810136709603
13,0,13,0,0.6239796759154832
14,0,14,0,0.6239783452593382
15,0,15,0,0.6239770216635074
16,0,16,0,0.6418773855785405
17,0,17,0,0.6418005209080071
18,0,18,0,0.6417615681876195
19,0,19,0,0.6238208334918646
20,0,20,0,0.6238196988075736
21,0,21,0,0.6238185704939745
22,0,22,0,0.6238174485135858
23,0,23,0,0.6238163328291015
24,0,24,0,0.6238152234033909
25,0,25,0,0.6238141201994989
26,0,26,0,0.6417147036700617
27,0,27,0,0.641638990994031
28,0,28,0,0.6246992045727346
29,0,29,0,0.6246663137950197
30,0,30,0,0.624627099476469
31,0,31,0,0.6066924975905266
32,0,32,0,0.6066915787792696
33,0,33,0,0.6066906654842849
34,0,34,0,0.6066897576708449
35,0,35,0,0.6066888553044101
36,0,36,0,0.6245896388400435
37,0,37,0,0.6245149568832964
38,0,38,0,0.6244756838229368
39,0,39,0,0.640851259243843
40,0,40,0,0.6406522011301087
41,0,41,0,0.6227175562831552
42,0,42,0,0.6227168334788833
43,0,43,0,0.622716115414604
44,0,44,0,0.622715402058457
45,0,45,0,0.6227146933787728
46,0,46,0,0.6227139893440716
47,0,47,0,0.6227132899230632
48,0,48,0,0.6226803133078952
49,0,49,0,0.6405812989588937
50,0,0,1,0.6294858166964652
51,0,1,1,0.6294840685455494
52,0,2,1,0.6473840093035941
53,0,3,1,0.6294046114576892
54,0,4,1,0.6473047333317278
55,0,5,1,0.6528777251479313
56,0,6,1,0.6419283277181157
57,0,7,1,0.6239878103145153
58,0,8,1,0.6239864364718344
59,0,9,1,0.6239850699258315
60,0,10,1,0.6239837106367393
61,0,11,1,0.623982358564939
62,0,12,1,0.6239810136709603
63,0,13,1,0.6239796759154832
64,0,14,1,0.6239783452593382
65,0,15,1,0.6239770216635074
66,0,16,1,0.6418773855785405
67,0,17,1,0.6418005209080071
68,0,18,1,0.6417615681876195
69,0,19,1,0.6238208334918646
70,0,20,1,0.6238196988075736
71,0,21,1,0.6238185704939745
72,0,22,1,0.6238174485135858
73,0,23,1,0.6238163328291015
74,0,24,1,0.6238152234033909
75,0,25,1,0.6238141201994989
76,0,26,1,0.6417147036700617
77,0,27,1,0.641638990994031
78,0,28,1,0.6246992045727346
79,0,29,1,0.6246663137950197
80,0,30,1,0.624627099476469
81,0,31,1,0.6066924975905266
82,0,32,1,0.6066915787792696
83,0,33,1,0.6066906654842849
84,0,34,1,0.6066897576708449
85,0,35,1,0.6066888553044101
86,0,36,1,0.6245896388400435
87,0,37,1,0.6245149568832964
88,0,38,1,0.6244756838229368
89,0,39,1,0.640851259243843
90,0,40,1,0.6406522011301087
91,0,41,1,0.6227175562831552
92,0,42,1,0.6227168334788833
93,0,43,1,0.622716115414604
94,0,44,1,0.622715402058457
95,0,45,1,0.6227146933787728
96,0,46,1,0.6227139893440716
97,0,47,1,0.6227132899230632
98,0,48,1,0.6226803133078952
99,0,49,1,0.6405812989588937
100,0,0,2,0.6294858166964652
101,0,1,2,0.6294840685455494
102,0,2,2,0.6473840093035941
103,0,3,2,0.6294046114576892
104,0,4,2,0.6473047333317278
105,0,5,2,0.6528777251479313
106,0,6,2,0.6419283277181157
107,0,7,2,0.6239878103145153
108,0,8,2,0.6239864364718344
109,0,9,2,0.6239850699258315
110,0,10,2,0.6239837106367393
111,0,11,2,0.623982358564939
112,0,12,2,0.6239810136709603
113,0,13,2,0.6239796759154832
114,0,14,2,0.6239783452593382
115,0,15,2,0.6239770216635074
116,0,16,2,0.6418773855785405
117,0,17,2,0.6418005209080071
118,0,18,2,0.6417615681876195
119,0,19,2,0.6238208334918646
120,0,20,2,0.6238196988075736
121,0,21,2,0.6238185704939745
122,0,22,2,0.6238174485135858
123,0,23,2,0.6238163328291015
124,0,24,2,0.6238152234033909
125,0,25,2,0.6238141201994989
126,0,26,2,0.6417147036700617
127,0,27,2,0.641638990994031
128,0,28,2,0.6246992045727346
129,0,29,2,0.6246663137950197
130,0,30,2,0.624627099476469
131,0,31,2,0.6066924975905266
132,0,32,2,0.6066915787792696
133,0,33,2,0.6066906654842849
134,0,34,2,0.6066897576708449
135,0,35,2,0.6066888553044101
136,0,36,2,0.6245896388400435
137,0,37,2,0.6245149568832964
138,0,38,2,0.6244756838229368
139,0,39,2,0.640851259243843
140,0,40,2,0.6406522011301087
141,0,41,2,0.6227175562831552
142,0,42,2,0.6227168334788833
143,0,43,2,0.622716115414604
144,0,44,2,0.622715402058457
145,0,45,2,0.6227146933787728
146,0,46,2,0.6227139893440716
147,0,47,2,0.6227132899230632
148,0,48,2,0.6226803133078952
149,0,49,2,0.6405812989588937
150,0,0,3,0.6294858166964652
151,0,1,3,0.6294840685455494
152,0,2,3,0.6473840093035941
153,0,3,3,0.6294046114576892
154,0,4,3,0.6473047333317278
155,0,5,3,0.6528777251479313
156,0,6,3,0.6419283277181157
157,0,7,3,0.6239878103145153
158,0,8,3,0.6239864364718344
159,0,9,3,0.6239850699258315
160,0,10,3,0.6239837106367393
161,0,11,3,0.623982358564939
162,0,12,3,0.6239810136709603
163,0,13,3,0.6239796759154832
164,0,14,3,0.6239783452593382
165,0,15,3,0.6239770216635074
166,0,16,3,0.6418773855785405
167,0,17,3,0.6418005209080071
168,0,18,3,0.6417615681876195
169,0,19,3,0.6238208334918646
170,0,20,3,0.6238196988075736
171,0,21,3,0.6238185704939745
172,0,22,3,0.6238174485135858
173,0,23,3,0.6238163328291015
174,0,24,3,0.6238152234033909
175,0,25,3,0.6238141201994989
176,0,26,3,0.6417147036700617
177,0,27,3,0.641638990994031
178,0,28,3,0.6246992045727346
179,0,29,3,0.6246663137950197
180,0,30,3,0.624627099476469
181,0,31,3,0.6066924975905266
182,0,32,3,0.6066915787792696
183,0,33,3,0.6066906654842849
184,0,34,3,0.6066897576708449
185,0,35,3,0.6066888553044101
186,0,36,3,0.6245896388400435
187,0,37,3,0.6245149568832964
188,0,38,3,0.6244756838229368
189,0,39,3,0.640851259243843
190,0,40,3,0.6406522011301087
191,0,41,3,0.6227175562831552
192,0,42,3,0.6227168334788833
193,0,43,3,0.622716115414604
194,0,44,3,0.622715402058457
195,0,45,3,0.6227146933787728
196,0,46,3,0.6227139893440716
197,0,47,3,0.6227132899230632
198,0,48,3,0.6226803133078952
199,0,49,3,0.6405812989588937
200,0,0,4,0.6294858166964652
201,0,1,4,0.6294840685455494
202,0,2,4,0.6473840093035941
203,0,3,4,0.6294046114576892
204,0,4,4,0.6473047333317278
205,0,5,4,0.6528777251479313
206,0,6,4,0.6419283277181157
207,0,7,4,0.6239878103145153
208,0,8,4,0.6239864364718344
209,0,9,4,0.6239850699258315
210,0,10,4,0.6239837106367393
211,0,11,4,0.623982358564939
212,0,12,4,0.6239810136709603
213,0,13,4,0.6239796759154832
214,0,14,4,0.6239783452593382
215,0,15,4,0.6239770216635074
216,0,16,4,0.6418773855785405
217,0,17,4,0.6418005209080071
218,0,18,4,0.6417615681876195
219,0,19,4,0.6238208334918646
220,0,20,4,0.6238196988075736
221,0,21,4,0.6238185704939745
222,0,22,4,0.6238174485135858
223,0,23,4,0.6238163328291015
224,0,24,4,0.6238152234033909
225,0,25,4,0.6238141201994989
226,0,26,4,0.6417147036700617
227,0,27,4,0.641638990994031
228,0,28,4,0.6246992045727346
229,0,29,4,0.6246663137950197
230,0,30,4,0.624627099476469
231,0,31,4,0.6066924975905266
232,0,32,4,0.6066915787792696
233,0,33,4,0.6066906654842849
234,0,34,4,0.6066897576708449
235,0,35,4,0.6066888553044101
236,0,36,4,0.6245896388400435
237,0,37,4,0.6245149568832964
238,0,38,4,0.6244756838229368
239,0,39,4,0.640851259243843
240,0,40,4,0.6406522011301087
241,0,41,4,0.6227175562831552
242,0,42,4,0.6227168334788833
243,0,43,4,0.622716115414604
244,0,44,4,0.622715402058457
245,0,45,4,0.6227146933787728
246,0,46,4,0.6227139893440716
247,0,47,4,0.6227132899230632
248,0,48,4,0.6226803133078952
249,0,49,4,0.6405812989588937
250,0,0,0,0.6424097646398427
251,0,1,0,0.6424033308924837
252,0,2,0,0.6423969279392174
253,0,3,0,0.6423905557242936
254,0,4,0,0.6423842141891248
255,0,5,0,0.6423779032723606
256,0,6,0,0.6423716229099604
257,0,7,0,0.6423653730352662
258,0,8,0,0.6423591535790741
259,0,9,0,0.6423529644697051
260,0,10,0,0.6423468056330752
261,0,11,0,0.6423406769927644
262,0,12,0,0.6423345784700853
263,0,13,0,0.6599798560803798
264,0,14,0,0.6422460627943901
265,0,15,0,0.6422402430440557
266,0,16,0,0.6422344534436398
267,0,17,0,0.6422286938827324
268,0,18,0,0.6422229642494547
269,0,19,0,0.6422172644305172
270,0,20,0,0.6422115943112772
271,0,21,0,0.6598572998720232
272,0,22,0,0.6421258944440386
273,0,23,0,0.6421205176615189
274,0,24,0,0.6421151701205053
275,0,25,0,0.6421098516841627
276,0,26,0,0.6597559083112219
277,0,27,0,0.6420266156791513
278,0,28,0,0.6420215995964628
279,0,29,0,0.6420166118165115
280,0,30,0,0.6420116521872928
281,0,31,0,0.6596580666529106
282,0,32,0,0.6419312122373768
283,0,33,0,0.6419265589656392
284,0,34,0,0.641921932763103
285,0,35,0,0.6457664479005665
286,0,36,0,0.6456092447727515
287,0,37,0,0.6456046722265437
288,0,38,0,0.6456001262681234
289,0,39,0,0.645595606737719
290,0,40,0,0.6632424595721765
291,0,41,0,0.6473817281611072
292,0,42,0,0.6473832760390189
293,0,43,0,0.6473847992217451
294,0,44,0,0.6473862979376481
295,0,45,0,0.6473877724149836
296,0,46,0,0.647389222881848
297,0,47,0,0.6667764276903734
298,0,48,0,0.6489971871946376
299,0,49,0,0.6489929700190145
300,0,0,1,0.6424097646398427
301,0,1,1,0.6424033308924837
302,0,2,1,0.6423969279392174
303,0,3,1,0.6423905557242936
304,0,4,1,0.6423842141891248
305,0,5,1,0.6423779032723606
306,0,6,1,0.6423716229099604
307,0,7,1,0.6423653730352662
308,0,8,1,0.6423591535790741
309,0,9,1,0.6423529644697051
310,0,10,1,0.6423468056330752
311,0,11,1,0.6423406769927644
312,0,12,1,0.6423345784700853
313,0,13,1,0.6599798560803798
314,0,14,1,0.6422460627943901
315,0,15,1,0.6422402430440557
316,0,16,1,0.6422344534436398
317,0,17,1,0.6422286938827324
318,0,18,1,0.6422229642494547
319,0,19,1,0.6422172644305172
320,0,20,1,0.6422115943112772
321,0,21,1,0.6598572998720232
322,0,22,1,0.6421258944440386
323,0,23,1,0.6421205176615189
324,0,24,1,0.6421151701205053
325,0,25,1,0.6421098516841627
326,0,26,1,0.6597559083112219
327,0,27,1,0.6420266156791513
328,0,28,1,0.6420215995964628
329,0,29,1,0.6420166118165115
330,0,30,1,0.6420116521872928
331,0,31,1,0.6596580666529106
332,0,32,1,0.6419312122373768
333,0,33,1,0.6419265589656392
334,0,34,1,0.641921932763103
335,0,35,1,0.6457664479005665
336,0,36,1,0.6456092447727515
337,0,37,1,0.6456046722265437
338,0,38,1,0.6456001262681234
339,0,39,1,0.645595606737719
340,0,40,1,0.6632424595721765
341,0,41,1,0.6473817281611072
342,0,42,1,0.6473832760390189
343,0,43,1,0.6473847992217451
344,0,44,1,0.6473862979376481
345,0,45,1,0.6473877724149836
346,0,46,1,0.647389222881848
347,0,47,1,0.6667764276903734
348,0,48,1,0.6489971871946376
349,0,49,1,0.6489929700190145
350,0,0,2,0.6424097646398427
351,0,1,2,0.6424033308924837
352,0,2,2,0.6423969279392174
353,0,3,2,0.6423905557242936
354,0,4,2,0.6423842141891248
355,0,5,2,0.6423779032723606
356,0,6,2,0.6423716229099604
357,0,7,2,0.6423653730352662
358,0,8,2,0.6423591535790741
359,0,9,2,0.6423529644697051
360,0,10,2,0.6423468056330752
361,0,11,2,0.6423406769927644
362,0,12,2,0.6423345784700853
363,0,13,2,0.6599798560803798
364,0,14,2,0.6422460627943901
365,0,15,2,0.6422402430440557
366,0,16,2,0.6422344534436398
367,0,17,2,0.6422286938827324
368,0,18,2,0.6422229642494547
369,0,19,2,0.6422172644305172
370,0,20,2,0.6422115943112772
371,0,21,2,0.6598572998720232
372,0,22,2,0.6421258944440386
373,0,23,2,0.6421205176615189
374,0,24,2,0.6421151701205053
375,0,25,2,0.6421098516841627
376,0,26,2,0.6597559083112219
377,0,27,2,0.6420266156791513
378,0,28,2,0.6420215995964628
379,0,29,2,0.6420166118165115
380,0,30,2,0.6420116521872928
381,0,31,2,0.6596580666529106
382,0,32,2,0.6419312122373768
383,0,33,2,0.6419265589656392
384,0,34,2,0.641921932763103
385,0,35,2,0.6457664479005665
386,0,36,2,0.6456092447727515
387,0,37,2,0.6456046722265437
388,0,38,2,0.6456001262681234
389,0,39,2,0.645595606737719
390,0,40,2,0.6632424595721765
391,0,41,2,0.6473817281611072
392,0,42,2,0.6473832760390189
393,0,43,2,0.6473847992217451
394,0,44,2,0.6473862979376481
395,0,45,2,0.6473877724149836
396,0,46,2,0.647389222881848
397,0,47,2,0.6667764276903734
398,0,48,2,0.6489971871946376
399,0,49,2,0.6489929700190145
400,0,0,3,0.6424097646398427
401,0,1,3,0.6424033308924837
402,0,2,3,0.6423969279392174
403,0,3,3,0.6423905557242936
404,0,4,3,0.6423842141891248
405,0,5,3,0.6423779032723606
406,0,6,3,0.6423716229099604
407,0,7,3,0.6423653730352662
408,0,8,3,0.6423591535790741
409,0,9,3,0.6423529644697051
410,0,10,3,0.6423468056330752
411,0,11,3,0.6423406769927644
412,0,12,3,0.6423345784700853
413,0,13,3,0.6599798560803798
414,0,14,3,0.6422460627943901
415,0,15,3,0.6422402430440557
416,0,16,3,0.6422344534436398
417,0,17,3,0.6422286938827324
418,0,18,3,0.6422229642494547
419,0,19,3,0.6422172644305172
420,0,20,3,0.6422115943112772
421,0,21,3,0.6598572998720232
422,0,22,3,0.6421258944440386
423,0,23,3,0.6421205176615189
424,0,24,3,0.6421151701205053
425,0,25,3,0.6421098516841627
426,0,26,3,0.6597559083112219
427,0,27,3,0.6420266156791513
428,0,28,3,0.6420215995964628
429,0,29,3,0.6420166118165115
430,0,30,3,0.6420116521872928
431,0,31,3,0.6596580666529106
432,0,32,3,0.6419312122373768
433,0,33,3,0.6419265589656392
434,0,34,3,0.641921932763103
435,0,35,3,0.6457664479005665
436,0,36,3,0.6456092447727515
437,0,37,3,0.6456046722265437
438,0,38,3,0.6456001262681234
439,0,39,3,0.645595606737719
440,0,40,3,0.6632424595721765
441,0,41,3,0.6473817281611072
442,0,42,3,0.6473832760390189
443,0,43,3,0.6473847992217451
444,0,44,3,0.6473862979376481
445,0,45,3,0.6473877724149836
446,0,46,3,0.647389222881848
447,0,47,3,0.6667764276903734
448,0,48,3,0.6489971871946376
449,0,49,3,0.6489929700190145
450,0,0,4,0.6424097646398427
451,0,1,4,0.6424033308924837
452,0,2,4,0.6423969279392174
453,0,3,4,0.6423905557242936
454,0,4,4,0.6423842141891248
455,0,5,4,0.6423779032723606
456,0,6,4,0.6423716229099604
457,0,7,4,0.6423653730352662
458,0,8,4,0.6423591535790741
459,0,9,4,0.6423529644697051
460,0,10,4,0.6423468056330752
461,0,11,4,0.6423406769927644
462,0,12,4,0.6423345784700853
463,0,13,4,0.6599798560803798
464,0,14,4,0.6422460627943901
465,0,15,4,0.6422402430440557
466,0,16,4,0.6422344534436398
467,0,17,4,0.6422286938827324
468,0,18,4,0.6422229642494547
469,0,19,4,0.6422172644305172
470,0,20,4,0.6422115943112772
471,0,21,4,0.6598572998720232
472,0,22,4,0.6421258944440386
473,0,23,4,0.6421205176615189
474,0,24,4,0.6421151701205053
475,0,25,4,0.6421098516841627
476,0,26,4,0.6597559083112219
477,0,27,4,0.6420266156791513
478,0,28,4,0.6420215995964628
479,0,29,4,0.6420166118165115
480,0,30,4,0.6420116521872928
481,0,31,4,0.6596580666529106
482,0,32,4,0.6419312122373768
483,0,33,4,0.6419265589656392
484,0,34,4,0.641921932763103
485,0,35,4,0.6457664479005665
486,0,36,4,0.6456092447727515
487,0,37,4,0.6456046722265437
488,0,38,4,0.6456001262681234
489,0,39,4,0.645595606737719
490,0,40,4,0.6632424595721765
491,0,41,4,0.6473817281611072
492,0,42,4,0.6473832760390189
493,0,43,4,0.6473847992217451
494,0,44,4,0.6473862979376481
495,0,45,4,0.6473877724149836
496,0,46,4,0.647389222881848
497,0,47,4,0.6667764276903734
498,0,48,4,0.6489971871946376
499,0,49,4,0.6489929700190145
500,0,0,0,0.6386475961870943
501,0,1,0,0.6386286017046096
502,0,2,0,0.6386097127394703
503,0,3,0,0.6544610668029703
504,0,4,0,0.6543481971917025
505,0,5,0,0.6542354630557092
506,0,6,0,0.6382531455665937
507,0,7,0,0.6382357924436811
508,0,8,0,0.6382185830429797
509,0,9,0,0.6382015178719697
510,0,10,0,0.654054732311865
511,0,11,0,0.6392984476869814
512,0,12,0,0.6392956676577114
513,0,13,0,0.6392928573562424
514,0,14,0,0.6392900174425634
515,0,15,0,0.6392871485720597
516,0,16,0,0.6392842513954285
517,0,17,0,0.6392813265585995
518,0,18,0,0.6392783747026555
519,0,19,0,0.6567703230302846
520,0,20,0,0.6407795919538447
521,0,21,0,0.6407633967170163
522,0,22,0,0.6282834399113744
523,0,23,0,0.6441376300626491
524,0,24,0,0.6440313715048218
525,0,25,0,0.6440154141633988
526,0,26,0,0.659959550938292
527,0,27,0,0.6439820746034155
528,0,28,0,0.6439667941349598
529,0,29,0,0.6598217970262715
530,0,30,0,0.6436448668659277
531,0,31,0,0.6261336074970371
532,0,32,0,0.626132344514613
533,0,33,0,0.6261160129313088
534,0,34,0,0.6261147053024324
535,0,35,0,0.6261133538657611
536,0,36,0,0.6261119594542098
537,0,37,0,0.6261105228948183
538,0,38,0,0.6436039715751453
539,0,39,0,0.6434710803301322
540,0,40,0,0.6595285159479868
541,0,41,0,0.6458678297141848
542,0,42,0,0.6458562070115331
543,0,43,0,0.6458446141303605
544,0,44,0,0.6458330518279282
545,0,45,0,0.6299513858730423
546,0,46,0,0.6299370388327449
547,0,47,0,0.6299255399051968
548,0,48,0,0.6299113377168937
549,0,49,0,0.629899871557999
550,0,0,1,0.6386475961870943
551,0,1,1,0.6386286017046096
552,0,2,1,0.6386097127394703
553,0,3,1,0.6544610668029703
554,0,4,1,0.6543481971917025
555,0,5,1,0.6542354630557092
556,0,6,1,0.6382531455665937
557,0,7,1,0.6382357924436811
558,0,8,1,0.6382185830429797
559,0,9,1,0.6382015178719697
560,0,10,1,0.654054732311865
561,0,11,1,0.6392984476869814
562,0,12,1,0.6392956676577114
563,0,13,1,0.6392928573562424
564,0,14,1,0.6392900174425634
565,0,15,1,0.6392871485720597
566,0,16,1,0.6392842513954285
567,0,17,1,0.6392813265585995
568,0,18,1,0.6392783747026555
569,0,19,1,0.6567703230302846
570,0,20,1,0.6407795919538447
571,0,21,1,0.6407633967170163
572,0,22,1,0.6282834399113744
573,0,23,1,0.6441376300626491
574,0,24,1,0.6440313715048218
575,0,25,1,0.6440154141633988
576,0,26,1,0.659959550938292
577,0,27,1,0.6439820746034155
578,0,28,1,0.6439667941349598
579,0,29,1,0.6598217970262715
580,0,30,1,0.6436448668659277
581,0,31,1,0.6261336074970371
582,0,32,1,0.626132344514613
583,0,33,1,0.6261160129313088
584,0,34,1,0.6261147053024324
585,0,35,1,0.6261133538657611
586,0,36,1,0.6261119594542098
587,0,37,1,0.6261105228948183
588,0,38,1,0.6436039715751453
589,0,39,1,0.6434710803301322
590,0,40,1,0.6595285159479868
591,0,41,1,0.6458678297141848
592,0,42,1,0.6458562070115331
593,0,43,1,0.6458446141303605
594,0,44,1,0.6458330518279282
595,0,45,1,0.6299513858730423
596,0,46,1,0.6299370388327449
597,0,47,1,0.6299255399051968
598,0,48,1,0.6299113377168937
599,0,49,1,0.629899871557999
600,0,0,2,0.6386475961870943
601,0,1,2,0.6386286017046096
602,0,2,2,0.6386097127394703
603,0,3,2,0.6544610668029703
604,0,4,2,0.6543481971917025
605,0,5,2,0.6542354630557092
606,0,6,2,0.6382531455665937
607,0,7,2,0.6382357924436811
608,0,8,2,0.6382185830429797
609,0,9,2,0.6382015178719697
610,0,10,2,0.654054732311865
611,0,11,2,0.6392984476869814
612,0,12,2,0.6392956676577114
613,0,13,2,0.6392928573562424
614,0,14,2,0.6392900174425634
615,0,15,2,0.6392871485720597
616,0,16,2,0.6392842513954285
617,0,17,2,0.6392813265585995
618,0,18,2,0.6392783747026555
619,0,19,2,0.6567703230302846
620,0,20,2,0.6407795919538447
621,0,21,2,0.6407633967170163
622,0,22,2,0.6282834399113744
623,0,23,2,0.6441376300626491
624,0,24,2,0.6440313715048218
625,0,25,2,0.6440154141633988
626,0,26,2,0.659959550938292
627,0,27,2,0.6439820746034155
628,0,28,2,0.6439667941349598
629,0,29,2,0.6598217970262715
630,0,30,2,0.6436448668659277
631,0,31,2,0.6261336074970371
632,0,32,2,0.626132344514613
633,0,33,2,0.6261160129313088
634,0,34,2,0.6261147053024324
635,0,35,2,0.6261133538657611
636,0,36,2,0.6261119594542098
637,0,37,2,0.6261105228948183
638,0,38,2,0.6436039715751453
639,0,39,2,0.6434710803301322
640,0,40,2,0.6595285159479868
641,0,41,2,0.6458678297141848
642,0,42,2,0.6458562070115331
643,0,43,2,0.6458446141303605
644,0,44,2,0.6458330518279282
645,0,45,2,0.6299513858730423
646,0,46,2,0.6299370388327449
647,0,47,2,0.6299255399051968
648,0,48,2,0.6299113377168937
649,0,49,2,0.629899871557999
650,0,0,3,0.6386475961870943
651,0,1,3,0.6386286017046096
652,0,2,3,0.6386097127394703
653,0,3,3,0.6544610668029703
654,0,4,3,0.6543481971917025
655,0,5,3,0.6542354630557092
656,0,6,3,0.6382531455665937
657,0,7,3,0.6382357924436811
658,0,8,3,0.6382185830429797
659,0,9,3,0.6382015178719697
660,0,10,3,0.654054732311865
661,0,11,3,0.6392984476869814
662,0,12,3,0.6392956676577114
663,0,13,3,0.6392928573562424
664,0,14,3,0.6392900174425634
665,0,15,3,0.6392871485720597
666,0,16,3,0.6392842513954285
667,0,17,3,0.6392813265585995
668,0,18,3,0.6392783747026555
669,0,19,3,0.6567703230302846
670,0,20,3,0.6407795919538447
671,0,21,3,0.6407633967170163
672,0,22,3,0.6282834399113744
673,0,23,3,0.6441376300626491
674,0,24,3,0.6440313715048218
675,0,25,3,0.6440154141633988
676,0,26,3,0.659959550938292
677,0,27,3,0.6439820746034155
678,0,28,3,0.6439667941349598
679,0,29,3,0.6598217970262715
680,0,30,3,0.6436448668659277
681,0,31,3,0.6261336074970371
682,0,32,3,0.626132344514613
683,0,33,3,0.6261160129313088
684,0,34,3,0.6261147053024324
685,0,35,3,0.6261133538657611
686,0,36,3,0.6261119594542098
687,0,37,3,0.6261105228948183
688,0,38,3,0.6436039715751453
689,0,39,3,0.6434710803301322
690,0,40,3,0.6595285159479868
691,0,41,3,0.6458678297141848
692,0,42,3,0.6458562070115331
693,0,43,3,0.6458446141303605
694,0,44,3,0.6458330518279282
695,0,45,3,0.6299513858730423
696,0,46,3,0.6299370388327449
697,0,47,3,0.6299255399051968
698,0,48,3,0.6299113377168937
699,0,49,3,0.629899871557999
700,0,0,4,0.6386475961870943
701,0,1,4,0.6386286017046096
702,0,2,4,0.6386097127394703
703,0,3,4,0.6544610668029703
704,0,4,4,0.6543481971917025
705,0,5,4,0.6542354630557092
706,0,6,4,0.6382531455665937
707,0,7,4,0.6382357924436811
708,0,8,4,0.6382185830429797
709,0,9,4,0.6382015178719697
710,0,10,4,0.654054732311865
711,0,11,4,0.6392984476869814
712,0,12,4,0.6392956676577114
713,0,13,4,0.6392928573562424
714,0,14,4,0.6392900174425634
715,0,15,4,0.6392871485720597
716,0,16,4,0.6392842513954285
717,0,17,4,0.6392813265585995
718,0,18,4,0.6392783747026555
719,0,19,4,0.6567703230302846
720,0,20,4,0.6407795919538447
721,0,21,4,0.6407633967170163
722,0,22,4,0.6282834399113744
723,0,23,4,0.6441376300626491
724,0,24,4,0.6440313715048218
725,0,25,4,0.6440154141633988
726,0,26,4,0.659959550938292
727,0,27,4,0.6439820746034155
728,0,28,4,0.6439667941349598
729,0,29,4,0.6598217970262715
730,0,30,4,0.6436448668659277
731,0,31,4,0.6261336074970371
732,0,32,4,0.626132344514613
733,0,33,4,0.6261160129313088
734,0,34,4,0.6261147053024324
735,0,35,4,0.6261133538657611
736,0,36,4,0.6261119594542098
737,0,37,4,0.6261105228948183
738,0,38,4,0.6436039715751453
739,0,39,4,0.6434710803301322
740,0,40,4,0.6595285159479868
741,0,41,4,0.6458678297141848
742,0,42,4,0.6458562070115331
743,0,43,4,0.6458446141303605
744,0,44,4,0.6458330518279282
745,0,45,4,0.6299513858730423
746,0,46,4,0.6299370388327449
747,0,47,4,0.6299255399051968
748,0,48,4,0.6299113377168937
749,0,49,4,0.629899871557999
750,0,0,0,0.6523272511320103
751,0,1,0,0.670045863997621
752,0,2,0,0.652219809731708
753,0,3,0,0.6522079009264222
754,0,4,0,0.652196039383314
755,0,5,0,0.6521842258020323
756,0,6,0,0.6521724608559282
757,0,7,0,0.6521607451921914
758,0,8,0,0.6561685817697132
759,0,9,0,0.6560975505378421
760,0,10,0,0.656085935276559
761,0,11,0,0.660420238989497
762,0,12,0,0.6603037129351621
763,0,13,0,0.6602922003554147
764,0,14,0,0.6602807399076844
765,0,15,0,0.6602693320861279
766,0,16,0,0.6434095427706515
767,0,17,0,0.6433974561183626
768,0,18,0,0.6433861549331725
769,0,19,0,0.6611047696472961
770,0,20,0,0.6610111372808654
771,0,21,0,0.6778475345557385
772,0,22,0,0.6580256721413175
773,0,23,0,0.658025924774188
774,0,24,0,0.6580261355879125
775,0,25,0,0.6580263051936869
776,0,26,0,0.6580264341978758
777,0,27,0,0.6580265232019796
778,0,28,0,0.6580265728026058
779,0,29,0,0.6580265835914395
780,0,30,0,0.6580265561552191
781,0,31,0,0.6580264910757126
782,0,32,0,0.6580263889296962
783,0,33,0,0.6777752176806251
784,0,34,0,0.6608070734688671
785,0,35,0,0.6430643349738154
786,0,36,0,0.6430533170647348
787,0,37,0,0.6607719600579878
788,0,38,0,0.6606787307134978
789,0,39,0,0.6606667247957891
790,0,40,0,0.6775031817927359
791,0,41,0,0.68131297244548
792,0,42,0,0.6614415879807914
793,0,43,0,0.6614421813873906
794,0,44,0,0.6614427302656147
795,0,45,0,0.661443235272034
796,0,46,0,0.6614436970579447
797,0,47,0,0.6614441162693292
798,0,48,0,0.6614444935468176
799,0,49,0,0.6614448295256521
800,0,0,1,0.6523272511320103
801,0,1,1,0.670045863997621
802,0,2,1,0.652219809731708
803,0,3,1,0.6522079009264222
804,0,4,1,0.652196039383314
805,0,5,1,0.6521842258020323
806,0,6,1,0.6521724608559282
807,0,7,1,0.6521607451921914
808,0,8,1,0.6561685817697132
809,0,9,1,0.6560975505378421
810,0,10,1,0.656085935276559
811,0,11,1,0.660420238989497
812,0,12,1,0.6603037129351621
813,0,13,1,0.6602922003554147
814,0,14,1,0.6602807399076844
815,0,15,1,0.6602693320861279
816,0,16,1,0.6434095427706515
817,0,17,1,0.6433974561183626
818,0,18,1,0.6433861549331725
819,0,19,1,0.6611047696472961
820,0,20,1,0.6610111372808654
821,0,21,1,0.6778475345557385
822,0,22,1,0.6580256721413175
823,0,23,1,0.658025924774188
824,0,24,1,0.6580261355879125
825,0,25,1,0.6580263051936869
826,0,26,1,0.6580264341978758
827,0,27,1,0.6580265232019796
828,0,28,1,0.6580265728026058
829,0,29,1,0.6580265835914395
830,0,30,1,0.6580265561552191
831,0,31,1,0.6580264910757126
832,0,32,1,0.6580263889296962
833,0,33,1,0.6777752176806251
834,0,34,1,0.6608070734688671
835,0,35,1,0.6430643349738154
836,0,36,1,0.6430533170647348
837,0,37,1,0.6607719600579878
838,0,38,1,0.6606787307134978
839,0,39,1,0.6606667247957891
840,0,40,1,0.6775031817927359
841,0,41,1,0.68131297244548
842,0,42,1,0.6614415879807914
843,0,43,1,0.6614421813873906
844,0,44,1,0.6614427302656147
845,0,45,1,0.661443235272034
846,0,46,1,0.6614436970579447
847,0,47,1,0.6614441162693292
848,0,48,1,0.6614444935468176
849,0,49,1,0.6614448295256521
850,0,0,2,0.6523272511320103
851,0,1,2,0.670045863997621
852,0,2,2,0.652219809731708
853,0,3,2,0.6522079009264222
854,0,4,2,0.652196039383314
855,0,5,2,0.6521842258020323
856,0,6,2,0.6521724608559282
857,0,7,2,0.6521607451921914
858,0,8,2,0.6561685817697132
859,0,9,2,0.6560975505378421
860,0,10,2,0.656085935276559
861,0,11,2,0.660420238989497
862,0,12,2,0.6603037129351621
863,0,13,2,0.6602922003554147
864,0,14,2,0.6602807399076844
865,0,15,2,0.6602693320861279
866,0,16,2,0.6434095427706515
867,0,17,2,0.6433974561183626
868,0,18,2,0.6433861549331725
869,0,19,2,0.6611047696472961
870,0,20,2,0.6610111372808654
871,0,21,2,0.6778475345557385
872,0,22,2,0.6580256721413175
873,0,23,2,0.658025924774188
874,0,24,2,0.6580261355879125
875,0,25,2,0.6580263051936869
876,0,26,2,0.6580264341978758
877,0,27,2,0.6580265232019796
878,0,28,2,0.6580265728026058
879,0,29,2,0.6580265835914395
880,0,30,2,0.6580265561552191
881,0,31,2,0.6580264910757126
882,0,32,2,0.6580263889296962
883,0,33,2,0.6777752176806251
884,0,34,2,0.6608070734688671
885,0,35,2,0.6430643349738154
886,0,36,2,0.6430533170647348
887,0,37,2,0.6607719600579878
888,0,38,2,0.6606787307134978
889,0,39,2,0.6606667247957891
890,0,40,2,0.6775031817927359
891,0,41,2,0.68131297244548
892,0,42,2,0.6614415879807914
893,0,43,2,0.6614421813873906
894,0,44,2,0.6614427302656147
895,0,45,2,0.661443235272034
896,0,46,2,0.6614436970579447
897,0,47,2,0.6614441162693292
898,0,48,2,0.6614444935468176
899,0,49,2,0.6614448295256521
900,0,0,3,0.6523272511320103
901,0,1,3,0.670045863997621
902,0,2,3,0.652219809731708
903,0,3,3,0.6522079009264222
904,0,4,3,0.652196039383314
905,0,5,3,0.6521842258020323
906,0,6,3,0.6521724608559282
907,0,7,3,0.6521607451921914
908,0,8,3,0.6561685817697132
909,0,9,3,0.6560975505378421
910,0,10,3,0.656085935276559
911,0,11,3,0.660420238989497
912,0,12,3,0.6603037129351621
913,0,13,3,0.6602922003554147
914,0,14,3,0.6602807399076844
915,0,15,3,0.6602693320861279
916,0,16,3,0.6434095427706515
917,0,17,3,0.6433974561183626
918,0,18,3,0.6433861549331725
919,0,19,3,0.6611047696472961
920,0,20,3,0.6610111372808654
921,0,21,3,0.6778475345557385
922,0,22,3,0.6580256721413175
923,0,23,3,0.658025924774188
924,0,24,3,0.6580261355879125
925,0,25,3,0.6580263051936869
926,0,26,3,0.6580264341978758
927,0,27,3,0.6580265232019796
928,0,28,3,0.6580265728026058
929,0,29,3,0.6580265835914395
930,0,30,3,0.6580265561552191
931,0,31,3,0.6580264910757126
932,0,32,3,0.6580263889296962
933,0,33,3,0.6777752176806251
934,0,34,3,0.6608070734688671
935,0,35,3,0.6430643349738154
936,0,36,3,0.6430533170647348
937,0,37,3,0.6607719600579878
938,0,38,3,0.6606787307134978
939,0,39,3,0.6606667247957891
940,0,40,3,0.6775031817927359
941,0,41,3,0.68131297244548
942,0,42,3,0.6614415879807914
943,0,43,3,0.6614421813873906
944,0,44,3,0.6614427302656147
945,0,45,3,0.661443235272034
946,0,46,3,0.6614436970579447
947,0,47,3,0.6614441162693292
948,0,48,3,0.6614444935468176
949,0,49,3,0.6614448295256521
950,0,0,4,0.6523272511320103
951,0,1,4,0.670045863997621
952,0,2,4,0.652219809731708
953,0,3,4,0.6522079009264222
954,0,4,4,0.652196039383314
955,0,5,4,0.6521842258020323
956,0,6,4,0.6521724608559282
957,0,7,4,0.6521607451921914
958,0,8,4,0.6561685817697132
959,0,9,4,0.6560975505378421
960,0,10,4,0.656085935276559
961,0,11,4,0.660420238989497
962,0,12,4,0.6603037129351621
963,0,13,4,0.6602922003554147
964,0,14,4,0.6602807399076844
965,0,15,4,0.6602693320861279
966,0,16,4,0.6434095427706515
967,0,17,4,0.6433974561183626
968,0,18,4,0.6433861549331725
969,0,19,4,0.6611047696472961
970,0,20,4,0.6610111372808654
971,0,21,4,0.6778475345557385
972,0,22,4,0.6580256721413175
973,0,23,4,0.658025924774188
974,0,24,4,0.6580261355879125
975,0,25,4,0.6580263051936869
976,0,26,4,0.6580264341978758
977,0,27,4,0.6580265232019796
978,0,28,4,0.6580265728026058
979,0,29,4,0.6580265835914395
980,0,30,4,0.6580265561552191
981,0,31,4,0.6580264910757126
982,0,32,4,0.6580263889296962
983,0,33,4,0.6777752176806251
984,0,34,4,0.6608070734688671
985,0,35,4,0.6430643349738154
986,0,36,4,0.6430533170647348
987,0,37,4,0.6607719600579878
988,0,38,4,0.6606787307134978
989,0,39,4,0.6606667247957891
990,0,40,4,0.6775031817927359
991,0,41,4,0.68131297244548
992,0,42,4,0.6614415879807914
993,0,43,4,0.6614421813873906
994,0,44,4,0.6614427302656147
995,0,45,4,0.661443235272034
996,0,46,4,0.6614436970579447
997,0,47,4,0.6614441162693292
998,0,48,4,0.6614444935468176
999,0,49,4,0.6614448295256521
1000,0,0,0,0.6894809494791767
1001,0,1,0,0.6701048177135002
1002,0,2,0,0.6700973685564909
1003,0,3,0,0.6700899614335525
1004,0,4,0,0.6700825963362892
1005,0,5,0,0.6700752732486878
1006,0,6,0,0.6700679921472714
1007,0,7,0,0.6700607530012538
1008,0,8,0,0.6700535557726939
1009,0,9,0,0.656207422466388
1010,0,10,0,0.6561972360077785
1011,0,11,0,0.6561901224724638
1012,0,12,0,0.6561799676034994
1013,0,13,0,0.6561728958304347
1014,0,14,0,0.6561658657546035
1015,0,15,0,0.6561557429867624
1016,0,16,0,0.6561487545367638
1017,0,17,0,0.6561386643719505
1018,0,18,0,0.6561317174701529
1019,0,19,0,0.656121660400634
1020,0,20,0,0.6754048358246346
1021,0,21,0,0.6753239585512532
1022,0,22,0,0.6753139350596007
1023,0,23,0,0.6753039456186387
1024,0,24,0,0.6752939906913973
1025,0,25,0,0.6752840707310697
1026,0,26,0,0.6933928022239856
1027,0,27,0,0.674019850494642
1028,0,28,0,0.6740132853290791
1029,0,29,0,0.6740067614555535
1030,0,30,0,0.6740002787219281
1031,0,31,0,0.6739938369717424
1032,0,32,0,0.673987436044355
1033,0,33,0,0.6739810757750849
1034,0,34,0,0.6739747559953518
1035,0,35,0,0.673968476532813
1036,0,36,0,0.6558436211684904
1037,0,37,0,0.6558339352090867
1038,0,38,0,0.6751178167108463
1039,0,39,0,0.6750415150541361
1040,0,40,0,0.6750318695559494
1041,0,41,0,0.6750222648641744
1042,0,42,0,0.6750127013134857
1043,0,43,0,0.675003179228067
1044,0,44,0,0.693112314964656
1045,0,45,0,0.6737407164586048
1046,0,46,0,0.6737348597586661
1047,0,47,0,0.673729041825249
1048,0,48,0,0.6930133432987742
1049,0,49,0,0.6929397148046204
1050,0,0,1,0.6894809494791767
1051,0,1,1,0.6701048177135002
1052,0,2,1,0.6700973685564909
1053,0,3,1,0.6700899614335525
1054,0,4,1,0.6700825963362892
1055,0,5,1,0.6700752732486878
1056,0,6,1,0.6700679921472714
1057,0,7,1,0.6700607530012538
1058,0,8,1,0.6700535557726939
1059,0,9,1,0.656207422466388
1060,0,10,1,0.6561972360077785
1061,0,11,1,0.6561901224724638
1062,0,12,1,0.6561799676034994
1063,0,13,1,0.6561728958304347
1064,0,14,1,0.6561658657546035
1065,0,15,1,0.6561557429867624
1066,0,16,1,0.6561487545367638
1067,0,17,1,0.6561386643719505
1068,0,18,1,0.6561317174701529
1069,0,19,1,0.656121660400634
1070,0,20,1,0.6754048358246346
1071,0,21,1,0.6753239585512532
1072,0,22,1,0.6753139350596007
1073,0,23,1,0.6753039456186387
1074,0,24,1,0.6752939906913973
1075,0,25,1,0.6752840707310697
1076,0,26,1,0.6933928022239856
1077,0,27,1,0.674019850494642
1078,0,28,1,0.6740132853290791
1079,0,29,1,0.6740067614555535
1080,0,30,1,0.6740002787219281
1081,0,31,1,0.6739938369717424
1082,0,32,1,0.673987436044355
1083,0,33,1,0.6739810757750849
1084,0,34,1,0.6739747559953518
1085,0,35,1,0.673968476532813
1086,0,36,1,0.6558436211684904
1087,0,37,1,0.6558339352090867
1088,0,38,1,0.6751178167108463
1089,0,39,1,0.6750415150541361
1090,0,40,1,0.6750318695559494
1091,0,41,1,0.6750222648641744
1092,0,42,1,0.6750127013134857
1093,0,43,1,0.675003179228067
1094,0,44,1,0.693112314964656
1095,0,45,1,0.6737407164586048
1096,0,46,1,0.6737348597586661
1097,0,47,1,0.673729041825249
1098,0,48,1,0.6930133432987742
1099,0,49,1,0.6929397148046204
1100,0,0,2,0.6894809494791767
1101,0,1,2,0.6701048177135002
1102,0,2,2,0.6700973685564909
1103,0,3,2,0.6700899614335525
1104,0,4,2,0.6700825963362892
1105,0,5,2,0.6700752732486878
1106,0,6,2,0.6700679921472714
1107,0,7,2,0.6700607530012538
1108,0,8,2,0.6700535557726939
1109,0,9,2,0.656207422466388
1110,0,10,2,0.6561972360077785
1111,0,11,2,0.6561901224724638
1112,0,12,2,0.6561799676034994
1113,0,13,2,0.6561728958304347
1114,0,14,2,0.6561658657546035
1115,0,15,2,0.6561557429867624
1116,0,16,2,0.6561487545367638
1117,0,17,2,0.6561386643719505
1118,0,18,2,0.6561317174701529
1119,0,19,2,0.656121660400634
1120,0,20,2,0.6754048358246346
1121,0,21,2,0.6753239585512532
1122,0,22,2,0.6753139350596007
1123,0,23,2,0.6753039456186387
1124,0,24,2,0.6752939906913973
1125,0,25,2,0.6752840707310697
1126,0,26,2,0.6933928022239856
1127,0,27,2,0.674019850494642
1128,0,28,2,0.6740132853290791
1129,0,29,2,0.6740067614555535
1130,0,30,2,0.6740002787219281
1131,0,31,2,0.6739938369717424
1132,0,32,2,0.673987436044355
1133,0,33,2,0.6739810757750849
1134,0,34,2,0.6739747559953518
1135,0,35,2,0.673968476532813
1136,0,36,2,0.6558436211684904
1137,0,37,2,0.6558339352090867
1138,0,38,2,0.6751178167108463
1139,0,39,2,0.6750415150541361
1140,0,40,2,0.6750318695559494
1141,0,41,2,0.6750222648641744
1142,0,42,2,0.6750127013134857
1143,0,43,2,0.675003179228067
1144,0,44,2,0.693112314964656
1145,0,45,2,0.6737407164586048
1146,0,46,2,0.6737348597586661
1147,0,47,2,0.673729041825249
1148,0,48,2,0.6930133432987742
1149,0,49,2,0.6929397148046204
1150,0,0,3,0.6894809494791767
1151,0,1,3,0.6701048177135002
1152,0,2,3,0.6700973685564909
1153,0,3,3,0.6700899614335525
1154,0,4,3,0.6700825963362892
1155,0,5,3,0.6700752732486878
1156,0,6,3,0.6700679921472714
1157,0,7,3,0.6700607530012538
1158,0,8,3,0.6700535557726939
1159,0,9,3,0.656207422466388
1160,0,10,3,0.6561972360077785
1161,0,11,3,0.6561901224724638
1162,0,12,3,0.6561799676034994
1163,0,13,3,0.6561728958304347
1164,0,14,3,0.6561658657546035
1165,0,15,3,0.6561557429867624
1166,0,16,3,0.6561487545367638
1167,0,17,3,0.6561386643719505
1168,0,18,3,0.6561317174701529
1169,0,19,3,0.656121660400634
1170,0,20,3,0.6754048358246346
1171,0,21,3,0.6753239585512532
1172,0,22,3,0.6753139350596007
1173,0,23,3,0.6753039456186387
1174,0,24,3,0.6752939906913973
1175,0,25,3,0.6752840707310697
1176,0,26,3,0.6933928022239856
1177,0,27,3,0.674019850494642
1178,0,28,3,0.6740132853290791
1179,0,29,3,0.6740067614555535
1180,0,30,3,0.6740002787219281
1181,0,31,3,0.6739938369717424
1182,0,32,3,0.673987436044355
1183,0,33,3,0.6739810757750849
1184,0,34,3,0.6739747559953518
1185,0,35,3,0.673968476532813
1186,0,36,3,0.6558436211684904
1187,0,37,3,0.6558339352090867
1188,0,38,3,0.6751178167108463
1189,0,39,3,0.6750415150541361
1190,0,40,3,0.6750318695559494
1191,0,41,3,0.6750222648641744
1192,0,42,3,0.6750127013134857
1193,0,43,3,0.675003179228067
1194,0,44,3,0.693112314964656
1195,0,45,3,0.6737407164586048
1196,0,46,3,0.6737348597586661
1197,0,47,3,0.673729041825249
1198,0,48,3,0.6930133432987742
1199,0,49,3,0.6929397148046204
1200,0,0,4,0.6894809494791767
1201,0,1,4,0.6701048177135002
1202,0,2,4,0.6700973685564909
1203,0,3,4,0.6700899614335525
1204,0,4,4,0.6700825963362892
1205,0,5,4,0.6700752732486878
1206,0,6,4,0.6700679921472714
1207,0,7,4,0.6700607530012538
1208,0,8,4,0.6700535557726939
1209,0,9,4,0.656207422466388
1210,0,10,4,0.6561972360077785
1211,0,11,4,0.6561901224724638
1212,0,12,4,0.6561799676034994
1213,0,13,4,0.6561728958304347
1214,0,14,4,0.6561658657546035
1215,0,15,4,0.6561557429867624
1216,0,16,4,0.6561487545367638
1217,0,17,4,0.6561386643719505
1218,0,18,4,0.6561317174701529
1219,0,19,4,0.656121660400634
1220,0,20,4,0.6754048358246346
1221,0,21,4,0.6753239585512532
1222,0,22,4,0.6753139350596007
1223,0,23,4,0.6753039456186387
1224,0,24,4,0.6752939906913973
1225,0,25,4,0.6752840707310697
1226,0,26,4,0.6933928022239856
1227,0,27,4,0.674019850494642
1228,0,28,4,0.6740132853290791
1229,0,29,4,0.6740067614555535
1230,0,30,4,0.6740002787219281
1231,0,31,4,0.6739938369717424
1232,0,32,4,0.673987436044355
1233,0,33,4,0.6739810757750849
1234,0,34,4,0.6739747559953518
1235,0,35,4,0.673968476532813
1236,0,36,4,0.6558436211684904
1237,0,37,4,0.6558339352090867
1238,0,38,4,0.6751178167108463
1239,0,39,4,0.6750415150541361
1240,0,40,4,0.6750318695559494
1241,0,41,4,0.6750222648641744
1242,0,42,4,0.6750127013134857
1243,0,43,4,0.675003179228067
1244,0,44,4,0.693112314964656
1245,0,45,4,0.6737407164586048
1246,0,46,4,0.6737348597586661
1247,0,47,4,0.673729041825249
1248,0,48,4,0.6930133432987742
1249,0,49,4,0.6929397148046204
